pair,timeframe,rank,total_pnl,winrate,profit_factor,trades,swing_window,max_hold,require_fvg,use_choch_filter
BTCUSDT,1d,1,0.3555,0.6875,5.3057,16,7,5,False,True
BTCUSDT,1d,2,0.3393,0.6471,4.4382,17,7,5,False,False
BTCUSDT,1d,3,0.2744,0.6923,6.1719,13,7,5,True,True
BTCUSDT,1d,4,0.2654,0.75,4.897,8,7,15,False,True
BTCUSDT,1d,5,0.2636,0.7778,7.9937,9,7,10,True,True
BTCUSDT,1d,6,0.2589,0.6667,2.8387,18,5,5,False,True
BTCUSDT,1d,7,0.2583,0.6429,4.7325,14,7,5,True,False
BTCUSDT,1d,8,0.2544,0.7273,3.6896,11,5,10,True,True
BTCUSDT,1d,9,0.2487,0.75,3.0648,12,5,10,False,True
BTCUSDT,1d,10,0.2483,0.8,4.9072,10,7,10,False,True
BTCUSDT,1d,11,0.2423,0.5556,2.009,27,3,5,False,False
BTCUSDT,1d,12,0.2345,0.6842,1.8164,19,3,10,False,False
BTCUSDT,1d,13,0.2344,0.6,2.7514,10,5,15,False,True
BTCUSDT,1d,14,0.2294,0.6667,3.2047,9,7,15,False,False
BTCUSDT,1d,15,0.2276,0.5714,2.322,21,5,5,False,False
BTCUSDT,1d,16,0.2197,0.5455,2.1528,22,3,5,True,False
BTCUSDT,1d,17,0.218,0.7,3.6188,10,7,10,True,False
BTCUSDT,1d,18,0.2162,0.5714,3.2008,7,7,20,False,True
BTCUSDT,1d,19,0.2159,0.6667,2.6376,15,5,5,True,True
BTCUSDT,1d,20,0.2155,0.6667,2.2597,18,10,5,False,False
BTCUSDT,1d,21,0.2061,0.625,4.4383,8,7,15,True,True
BTCUSDT,1d,22,0.2027,0.7273,2.8581,11,7,10,False,False
BTCUSDT,1d,23,0.1925,0.5,2.5789,8,7,20,False,False
BTCUSDT,1d,24,0.1848,0.619,2.1589,21,3,5,False,True
BTCUSDT,1d,25,0.1846,0.5556,2.1311,18,5,5,True,False
BTCUSDT,1d,26,0.1761,0.5455,2.2342,11,10,10,False,False
BTCUSDT,1d,27,0.1752,0.5,2.3935,10,5,15,True,True
BTCUSDT,1d,28,0.1701,0.5556,2.7741,9,7,15,True,False
BTCUSDT,1d,29,0.1621,0.6667,1.6689,15,3,10,False,True
BTCUSDT,1d,30,0.1579,0.75,2.5802,8,10,15,False,False
BTCUSDT,1d,31,0.1513,0.5556,1.4655,18,3,10,True,False
BTCUSDT,1d,32,0.147,0.5,2.0556,10,10,10,True,False
BTCUSDT,1d,33,0.1453,0.5556,1.8035,18,15,5,False,False
BTCUSDT,1d,34,0.1435,0.4286,2.1171,7,7,20,True,True
BTCUSDT,1d,35,0.1426,0.4545,1.9537,11,15,10,False,False
BTCUSDT,1d,36,0.1369,0.4118,1.3414,17,3,15,False,False
BTCUSDT,1d,37,0.1328,0.5714,2.0592,14,10,5,True,False
BTCUSDT,1d,38,0.1261,0.5714,1.9545,14,15,5,True,False
BTCUSDT,1d,39,0.1247,0.5714,1.6412,7,7,30,False,True
BTCUSDT,1d,40,0.1244,0.625,2.1651,8,15,15,False,False
BTCUSDT,1d,41,0.1244,0.5294,1.8058,17,3,5,True,True
BTCUSDT,1d,42,0.1234,0.375,1.3232,16,3,15,True,False
BTCUSDT,1d,43,0.1223,0.5,1.5834,8,7,30,False,False
BTCUSDT,1d,44,0.1198,0.375,1.7875,8,7,20,True,False
BTCUSDT,1d,45,0.1171,0.4286,1.5669,7,7,30,True,True
BTCUSDT,1d,46,0.1155,0.5556,1.5761,9,5,20,False,True
BTCUSDT,1d,47,0.0953,0.5714,1.3759,14,5,10,True,False
BTCUSDT,1d,48,0.0931,0.375,1.4387,8,7,30,True,False
BTCUSDT,1d,49,0.0899,0.4,1.6094,10,15,10,True,False
BTCUSDT,1d,50,0.0896,0.6,1.3207,15,5,10,False,False
BTCUSDT,1d,51,0.0695,0.6,1.5988,10,10,5,False,True
BTCUSDT,1d,52,0.0668,0.5,1.6553,8,10,15,True,False
BTCUSDT,1d,53,0.0595,0.5714,2.1296,7,10,5,True,True
BTCUSDT,1d,54,0.0532,0.5714,1.2135,14,3,10,True,True
BTCUSDT,1d,55,0.0527,0.5714,1.8885,7,15,5,True,True
BTCUSDT,1d,56,0.0515,0.4444,1.2317,9,5,20,True,True
BTCUSDT,1d,57,0.0503,0.375,1.4465,8,15,15,True,False
BTCUSDT,1d,58,0.0482,0.5,1.2441,8,10,20,False,False
BTCUSDT,1d,59,0.0364,0.4,1.5579,5,10,10,True,True
BTCUSDT,1d,60,0.0276,0.4667,1.0727,15,3,20,False,False
BTCUSDT,1d,61,0.0255,0.375,1.1337,8,10,20,True,False
BTCUSDT,1d,62,0.0197,0.5,1.2041,6,10,10,False,True
BTCUSDT,1d,63,0.0147,0.375,1.0721,8,15,20,False,False
BTCUSDT,1d,64,0.0095,0.4615,1.0264,13,5,15,False,False
BTCUSDT,1d,65,-0.0008,0.4,0.9936,10,15,5,False,True
BTCUSDT,1d,66,-0.0043,0.25,0.9783,8,15,20,True,False
BTCUSDT,1d,67,-0.0103,0.3333,0.9693,9,5,30,True,True
BTCUSDT,1d,68,-0.0113,0.4444,0.9657,9,5,30,False,True
BTCUSDT,1d,69,-0.0138,0.3333,0.8662,6,15,10,False,True
BTCUSDT,1d,70,-0.0207,0.2,0.7176,5,15,10,True,True
BTCUSDT,1d,71,-0.0212,0.6,0.788,5,10,15,False,True
BTCUSDT,1d,72,-0.0465,0.5714,0.8053,7,10,30,False,False
BTCUSDT,1d,73,-0.0527,0.4,0.8719,15,3,20,True,False
BTCUSDT,1d,74,-0.0547,0.4,0.4882,5,15,15,False,True
BTCUSDT,1d,75,-0.0705,0.4286,0.7507,7,10,30,True,False
BTCUSDT,1d,76,-0.0792,0.4,0.1249,5,10,15,True,True
BTCUSDT,1d,77,-0.08,0.4286,0.6747,7,15,30,False,False
BTCUSDT,1d,78,-0.0809,0.3846,0.788,13,5,15,True,False
BTCUSDT,1d,79,-0.0901,0.3571,0.8011,14,3,15,False,True
BTCUSDT,1d,80,-0.0957,0.2,0.0539,5,15,15,True,True
BTCUSDT,1d,81,-0.0972,0.4167,0.7648,12,5,20,False,False
BTCUSDT,1d,82,-0.0978,0.2,0.1728,5,10,20,True,True
BTCUSDT,1d,83,-0.1029,0.4,0.2787,5,10,20,False,True
BTCUSDT,1d,84,-0.1092,0.2857,0.6222,7,15,30,True,False
BTCUSDT,1d,85,-0.1183,0.3571,0.7229,14,3,30,False,False
BTCUSDT,1d,86,-0.121,0.3571,0.7044,14,3,30,True,False
BTCUSDT,1d,87,-0.1277,0.0,0.0,5,15,20,True,True
BTCUSDT,1d,88,-0.1364,0.2,0.0881,5,15,20,False,True
BTCUSDT,1d,89,-0.149,0.3636,0.6902,11,5,30,False,False
BTCUSDT,1d,90,-0.1598,0.4,0.2333,5,10,30,True,True
BTCUSDT,1d,91,-0.1696,0.2727,0.6429,11,5,30,True,False
BTCUSDT,1d,92,-0.1825,0.6,0.1364,5,10,30,False,True
BTCUSDT,1d,93,-0.1845,0.3333,0.6142,12,3,30,False,True
BTCUSDT,1d,94,-0.1924,0.3333,0.5872,12,5,20,True,False
BTCUSDT,1d,95,-0.1985,0.2,0.0752,5,15,30,True,True
BTCUSDT,1d,96,-0.2108,0.2857,0.5836,14,3,15,True,True
BTCUSDT,1d,97,-0.2156,0.25,0.5485,12,3,30,True,True
BTCUSDT,1d,98,-0.2159,0.4,0.0102,5,15,30,False,True
BTCUSDT,1d,99,-0.2329,0.3846,0.5798,13,3,20,False,True
BTCUSDT,1d,100,-0.3406,0.3077,0.4455,13,3,20,True,True
BTCUSDT,4h,1,1.5533,0.6203,1.8616,158,5,5,False,False
BTCUSDT,4h,2,1.4618,0.6,1.671,170,3,5,False,False
BTCUSDT,4h,3,1.3604,0.6187,1.8083,139,3,5,False,True
BTCUSDT,4h,4,1.3296,0.595,2.0864,121,15,5,False,False
BTCUSDT,4h,5,1.2629,0.5963,2.1725,109,15,5,False,True
BTCUSDT,4h,6,1.2306,0.5652,1.7694,138,7,5,False,False
BTCUSDT,4h,7,1.2137,0.5878,1.9236,131,10,5,False,False
BTCUSDT,4h,8,1.1752,0.6,1.7642,125,5,5,False,True
BTCUSDT,4h,9,1.1544,0.5962,2.1682,104,10,5,False,True
BTCUSDT,4h,10,1.1316,0.5856,1.887,111,7,5,False,True
BTCUSDT,4h,11,1.1076,0.6667,2.8012,39,15,20,True,True
BTCUSDT,4h,12,1.0595,0.5904,2.3316,83,15,5,True,True
BTCUSDT,4h,13,1.0543,0.5804,1.5443,143,3,5,True,False
BTCUSDT,4h,14,1.0476,0.6121,1.7183,116,3,5,True,True
BTCUSDT,4h,15,1.02,0.5699,2.0421,93,15,5,True,False
BTCUSDT,4h,16,0.976,0.52,1.5036,75,5,20,False,False
BTCUSDT,4h,17,0.9685,0.6818,2.162,44,15,20,False,True
BTCUSDT,4h,18,0.8847,0.5882,1.7253,68,15,10,False,True
BTCUSDT,4h,19,0.8761,0.56,1.7622,50,7,20,False,True
BTCUSDT,4h,20,0.8727,0.5577,1.7588,104,10,5,True,False
BTCUSDT,4h,21,0.8713,0.5488,2.0016,82,10,5,True,True
BTCUSDT,4h,22,0.8545,0.619,2.0267,42,10,20,True,True
BTCUSDT,4h,23,0.8433,0.6019,1.4016,108,5,10,False,False
BTCUSDT,4h,24,0.8351,0.5111,1.3557,90,3,20,False,False
BTCUSDT,4h,25,0.8147,0.5342,1.4031,73,5,20,True,False
BTCUSDT,4h,26,0.8143,0.5574,1.5602,61,5,20,False,True
BTCUSDT,4h,27,0.8036,0.5789,1.5478,76,15,10,False,False
BTCUSDT,4h,28,0.7985,0.5714,1.4229,133,5,5,True,False
BTCUSDT,4h,29,0.7873,0.6222,1.7994,45,15,20,True,False
BTCUSDT,4h,30,0.7808,0.5882,1.6311,68,10,10,False,True
BTCUSDT,4h,31,0.7753,0.551,1.6469,49,7,20,True,True
BTCUSDT,4h,32,0.7462,0.5366,1.3054,123,3,10,False,False
BTCUSDT,4h,33,0.7375,0.5143,1.3923,70,3,20,True,True
BTCUSDT,4h,34,0.7308,0.5636,1.7759,55,15,10,True,True
BTCUSDT,4h,35,0.7266,0.6087,1.6843,46,10,20,False,True
BTCUSDT,4h,36,0.709,0.5439,1.4716,114,7,5,True,False
BTCUSDT,4h,37,0.7065,0.5612,1.3574,98,3,10,False,True
BTCUSDT,4h,38,0.6899,0.5424,1.4836,59,5,20,True,True
BTCUSDT,4h,39,0.6776,0.4865,1.345,74,3,20,False,True
BTCUSDT,4h,40,0.6561,0.6,1.3724,85,5,10,False,True
BTCUSDT,4h,41,0.645,0.5614,1.6157,57,10,10,True,True
BTCUSDT,4h,42,0.6374,0.5455,1.3876,55,5,30,False,True
BTCUSDT,4h,43,0.6274,0.5233,1.2464,86,3,20,True,False
BTCUSDT,4h,44,0.6216,0.5217,1.5016,92,7,5,True,True
BTCUSDT,4h,45,0.621,0.5758,1.8044,33,15,30,True,True
BTCUSDT,4h,46,0.5988,0.6087,1.5427,46,15,15,True,True
BTCUSDT,4h,47,0.5854,0.5952,1.2756,84,3,15,False,True
BTCUSDT,4h,48,0.5853,0.5714,1.641,35,15,30,False,True
BTCUSDT,4h,49,0.5853,0.5432,1.3079,81,3,15,True,True
BTCUSDT,4h,50,0.5778,0.5524,1.2023,105,3,15,False,False
BTCUSDT,4h,51,0.5432,0.5631,1.3335,103,5,5,True,True
BTCUSDT,4h,52,0.5362,0.62,1.4033,50,15,20,False,False
BTCUSDT,4h,53,0.5339,0.5397,1.4305,63,15,10,True,False
BTCUSDT,4h,54,0.5103,0.5833,1.5456,36,10,30,True,True
BTCUSDT,4h,55,0.4955,0.5517,1.2802,87,10,10,False,False
BTCUSDT,4h,56,0.49,0.5556,1.3658,54,10,20,True,False
BTCUSDT,4h,57,0.4836,0.51,1.1784,100,3,15,True,False
BTCUSDT,4h,58,0.4777,0.5275,1.1969,91,5,15,False,False
BTCUSDT,4h,59,0.4722,0.5246,1.2695,61,7,20,True,False
BTCUSDT,4h,60,0.4684,0.5745,1.3626,47,10,15,True,True
BTCUSDT,4h,61,0.4636,0.5312,1.2473,64,7,20,False,False
BTCUSDT,4h,62,0.4544,0.5769,1.3183,52,15,15,False,True
BTCUSDT,4h,63,0.4516,0.5581,1.3565,43,7,30,False,True
BTCUSDT,4h,64,0.4374,0.5526,1.4007,38,10,30,False,True
BTCUSDT,4h,65,0.4341,0.5333,1.2517,75,7,10,False,True
BTCUSDT,4h,66,0.4239,0.566,1.2968,53,15,15,True,False
BTCUSDT,4h,67,0.4002,0.5556,1.2283,54,5,30,True,True
BTCUSDT,4h,68,0.3967,0.5526,1.2549,76,5,10,True,True
BTCUSDT,4h,69,0.3777,0.5333,1.2505,75,10,10,True,False
BTCUSDT,4h,70,0.3775,0.5612,1.1917,98,5,10,True,False
BTCUSDT,4h,71,0.3132,0.5195,1.1259,77,3,30,False,False
BTCUSDT,4h,72,0.2795,0.5352,1.1389,71,5,15,False,True
BTCUSDT,4h,73,0.2784,0.5345,1.1674,58,10,20,False,False
BTCUSDT,4h,74,0.2758,0.4853,1.1333,68,5,30,False,False
BTCUSDT,4h,75,0.2673,0.5263,1.1722,57,7,15,True,True
BTCUSDT,4h,76,0.2533,0.5222,1.1263,90,3,10,True,True
BTCUSDT,4h,77,0.2492,0.5088,1.0999,114,3,10,True,False
BTCUSDT,4h,78,0.2343,0.4925,1.1149,67,3,30,False,True
BTCUSDT,4h,79,0.2328,0.5,1.1843,38,15,30,True,False
BTCUSDT,4h,80,0.222,0.5106,1.1004,94,7,10,False,False
BTCUSDT,4h,81,0.212,0.5593,1.117,59,15,15,False,False
BTCUSDT,4h,82,0.1918,0.5283,1.1173,53,10,15,False,True
BTCUSDT,4h,83,0.1732,0.475,1.1241,40,15,30,False,False
BTCUSDT,4h,84,0.166,0.5714,1.1131,42,7,30,True,True
BTCUSDT,4h,85,0.1401,0.5294,1.0758,68,5,15,True,True
BTCUSDT,4h,86,0.115,0.5085,1.0634,59,7,15,False,True
BTCUSDT,4h,87,0.1106,0.5161,1.0611,62,10,15,True,False
BTCUSDT,4h,88,0.1085,0.5057,1.0439,87,5,15,True,False
BTCUSDT,4h,89,0.0647,0.4697,1.0377,66,7,10,True,True
BTCUSDT,4h,90,0.0574,0.5077,1.0282,65,3,30,True,True
BTCUSDT,4h,91,0.0119,0.493,1.0056,71,7,15,True,False
BTCUSDT,4h,92,-0.0279,0.4776,0.9881,67,5,30,True,False
BTCUSDT,4h,93,-0.0411,0.449,0.9761,49,10,30,False,False
BTCUSDT,4h,94,-0.0495,0.52,0.981,75,3,30,True,False
BTCUSDT,4h,95,-0.0716,0.5147,0.9672,68,10,15,False,False
BTCUSDT,4h,96,-0.0723,0.4681,0.9568,47,10,30,True,False
BTCUSDT,4h,97,-0.1399,0.494,0.9339,83,7,10,True,False
BTCUSDT,4h,98,-0.2437,0.4675,0.9044,77,7,15,False,False
BTCUSDT,4h,99,-0.2503,0.4561,0.8825,57,7,30,False,False
BTCUSDT,4h,100,-0.3645,0.4727,0.8335,55,7,30,True,False
BTCUSDT,1h,1,6.6886,0.6258,2.1936,604,10,5,False,False
BTCUSDT,1h,2,5.8215,0.6173,2.1246,520,15,5,False,False
BTCUSDT,1h,3,5.623,0.621,1.9207,591,7,5,False,False
BTCUSDT,1h,4,5.6064,0.621,2.3149,467,10,5,False,True
BTCUSDT,1h,5,4.7946,0.6016,1.6514,630,5,5,False,False
BTCUSDT,1h,6,4.746,0.6053,1.8569,375,10,10,False,False
BTCUSDT,1h,7,4.6886,0.6301,1.8939,492,5,5,False,True
BTCUSDT,1h,8,4.6664,0.6272,2.077,448,7,5,False,True
BTCUSDT,1h,9,4.6516,0.6128,2.1965,390,15,5,False,True
BTCUSDT,1h,10,4.4409,0.6032,1.9319,310,15,10,False,False
BTCUSDT,1h,11,4.3256,0.5932,1.6918,531,3,5,False,True
BTCUSDT,1h,12,4.2584,0.6042,2.0338,288,10,10,False,True
BTCUSDT,1h,13,4.1166,0.6014,1.8424,439,3,5,True,True
BTCUSDT,1h,14,4.015,0.5679,1.4496,692,3,5,False,False
BTCUSDT,1h,15,3.9947,0.5806,1.5631,577,3,5,True,False
BTCUSDT,1h,16,3.7401,0.5874,1.7523,475,10,5,True,False
BTCUSDT,1h,17,3.7054,0.5942,1.6244,515,5,5,True,False
BTCUSDT,1h,18,3.6813,0.5744,1.6059,289,3,15,True,True
BTCUSDT,1h,19,3.5838,0.589,1.9292,236,15,10,False,True
BTCUSDT,1h,20,3.565,0.5743,1.4886,397,3,10,False,True
BTCUSDT,1h,21,3.4718,0.589,1.6689,472,7,5,True,False
BTCUSDT,1h,22,3.3861,0.6135,1.7866,401,5,5,True,True
BTCUSDT,1h,23,3.3297,0.5371,1.467,229,3,30,True,True
BTCUSDT,1h,24,3.286,0.576,1.5539,342,5,10,False,True
BTCUSDT,1h,25,3.2471,0.5545,1.4392,330,3,15,False,True
BTCUSDT,1h,26,3.1972,0.5387,1.3521,388,3,15,True,False
BTCUSDT,1h,27,3.1843,0.5676,1.5188,340,3,10,True,True
BTCUSDT,1h,28,3.183,0.5856,1.5817,333,10,10,True,False
BTCUSDT,1h,29,3.1545,0.5758,1.4597,389,7,10,False,False
BTCUSDT,1h,30,3.0586,0.5831,1.6721,295,7,10,False,True
BTCUSDT,1h,31,3.0324,0.5581,1.3715,439,5,10,False,False
BTCUSDT,1h,32,3.025,0.5318,1.3911,299,3,20,False,True
BTCUSDT,1h,33,3.0153,0.5797,1.6725,395,15,5,True,False
BTCUSDT,1h,34,2.9346,0.5059,1.3629,253,3,30,False,True
BTCUSDT,1h,35,2.9083,0.5817,1.7389,251,10,10,True,True
BTCUSDT,1h,36,2.8118,0.5794,1.7217,359,10,5,True,True
BTCUSDT,1h,37,2.8046,0.5646,1.6098,271,15,10,True,False
BTCUSDT,1h,38,2.8014,0.5879,1.5813,165,10,30,False,True
BTCUSDT,1h,39,2.7906,0.59,1.8638,300,15,5,True,True
BTCUSDT,1h,40,2.719,0.5737,1.4222,251,5,20,False,True
BTCUSDT,1h,41,2.7167,0.5561,1.5847,205,15,20,False,False
BTCUSDT,1h,42,2.6802,0.5806,1.5015,248,5,15,True,True
BTCUSDT,1h,43,2.6716,0.5493,1.2549,517,3,10,False,False
BTCUSDT,1h,44,2.6547,0.5497,1.3586,322,5,15,True,False
BTCUSDT,1h,45,2.6537,0.5314,1.3748,271,3,20,True,True
BTCUSDT,1h,46,2.5993,0.5508,1.2975,325,5,20,False,False
BTCUSDT,1h,47,2.5637,0.5764,1.7431,203,15,10,True,True
BTCUSDT,1h,48,2.5619,0.5467,1.3885,214,5,30,False,True
BTCUSDT,1h,49,2.5403,0.5606,1.4095,198,5,30,True,True
BTCUSDT,1h,50,2.5385,0.5786,1.448,299,5,10,True,True
BTCUSDT,1h,51,2.5133,0.5896,1.4018,212,10,30,False,False
BTCUSDT,1h,52,2.4836,0.5238,1.308,273,5,30,False,False
BTCUSDT,1h,53,2.4257,0.4962,1.2317,399,3,20,False,False
BTCUSDT,1h,54,2.3964,0.5844,1.5217,154,10,30,True,True
BTCUSDT,1h,55,2.376,0.5892,1.6051,353,7,5,True,True
BTCUSDT,1h,56,2.3635,0.5251,1.3637,259,10,20,False,False
BTCUSDT,1h,57,2.3582,0.5989,1.5912,182,15,15,False,True
BTCUSDT,1h,58,2.3518,0.5892,1.4302,241,15,15,False,False
BTCUSDT,1h,59,2.3461,0.532,1.2769,359,5,15,False,False
BTCUSDT,1h,60,2.3405,0.5783,1.4839,166,15,30,False,False
BTCUSDT,1h,61,2.3238,0.5603,1.3619,282,5,15,False,True
BTCUSDT,1h,62,2.3087,0.5373,1.3027,255,5,30,True,False
BTCUSDT,1h,63,2.2873,0.5441,1.2492,454,3,10,True,False
BTCUSDT,1h,64,2.2232,0.5449,1.579,156,15,20,False,True
BTCUSDT,1h,65,2.1935,0.4675,1.2352,308,3,30,True,False
BTCUSDT,1h,66,2.1847,0.5492,1.2806,386,5,10,True,False
BTCUSDT,1h,67,2.1732,0.556,1.3589,232,5,20,True,True
BTCUSDT,1h,68,2.1728,0.5748,1.5703,127,15,30,False,True
BTCUSDT,1h,69,2.1384,0.5721,1.4216,229,10,15,False,True
BTCUSDT,1h,70,2.1348,0.5603,1.3186,348,7,10,True,False
BTCUSDT,1h,71,2.1282,0.5347,1.2879,288,7,20,False,False
BTCUSDT,1h,72,2.1033,0.5354,1.4123,198,10,20,False,True
BTCUSDT,1h,73,2.0742,0.5714,1.3771,175,7,30,True,True
BTCUSDT,1h,74,2.0227,0.5741,1.4392,263,7,10,True,True
BTCUSDT,1h,75,2.0026,0.5622,1.3786,217,7,20,False,True
BTCUSDT,1h,76,1.9819,0.4986,1.2029,357,3,20,True,False
BTCUSDT,1h,77,1.9652,0.5604,1.2826,298,10,15,False,False
BTCUSDT,1h,78,1.9353,0.5936,1.4143,219,15,15,True,False
BTCUSDT,1h,79,1.9242,0.5745,1.3201,188,7,30,False,True
BTCUSDT,1h,80,1.9157,0.4989,1.1736,439,3,15,False,False
BTCUSDT,1h,81,1.8673,0.5942,1.4381,207,10,15,True,True
BTCUSDT,1h,82,1.864,0.5699,1.3156,272,10,15,True,False
BTCUSDT,1h,83,1.8484,0.5988,1.5357,167,15,15,True,True
BTCUSDT,1h,84,1.8139,0.5156,1.3976,192,15,20,True,False
BTCUSDT,1h,85,1.7602,0.5265,1.2043,302,5,20,True,False
BTCUSDT,1h,86,1.7507,0.5656,1.4742,122,15,30,True,True
BTCUSDT,1h,87,1.7266,0.5622,1.3137,249,7,15,False,True
BTCUSDT,1h,88,1.6175,0.4441,1.156,340,3,30,False,False
BTCUSDT,1h,89,1.611,0.5382,1.2022,327,7,15,False,False
BTCUSDT,1h,90,1.5881,0.5103,1.2449,243,10,20,True,False
BTCUSDT,1h,91,1.5797,0.5813,1.2449,203,10,30,True,False
BTCUSDT,1h,92,1.5607,0.5442,1.2269,294,7,15,True,False
BTCUSDT,1h,93,1.5387,0.575,1.3076,160,15,30,True,False
BTCUSDT,1h,94,1.508,0.5034,1.403,147,15,20,True,True
BTCUSDT,1h,95,1.4228,0.5134,1.2826,187,10,20,True,True
BTCUSDT,1h,96,1.3314,0.5019,1.1827,269,7,20,True,False
BTCUSDT,1h,97,1.2705,0.5142,1.1584,247,7,30,False,False
BTCUSDT,1h,98,1.2013,0.5302,1.1547,232,7,30,True,False
BTCUSDT,1h,99,1.1584,0.5656,1.2346,221,7,15,True,True
BTCUSDT,1h,100,1.0074,0.522,1.1869,205,7,20,True,True
ETHUSDT,1d,1,0.2524,0.5263,2.1134,19,10,5,False,False
ETHUSDT,1d,2,0.2222,0.7,2.2488,10,10,15,False,False
ETHUSDT,1d,3,0.219,0.75,5.8514,8,15,5,True,False
ETHUSDT,1d,4,0.2165,0.6667,2.2044,15,10,5,True,False
ETHUSDT,1d,5,0.1909,0.5714,1.6573,7,10,30,False,False
ETHUSDT,1d,6,0.1866,0.6667,2.1443,12,5,5,True,True
ETHUSDT,1d,7,0.1834,0.6429,2.0956,14,5,5,False,True
ETHUSDT,1d,8,0.1743,0.52,1.4747,25,3,5,False,False
ETHUSDT,1d,9,0.1735,0.6667,2.6128,6,15,15,False,False
ETHUSDT,1d,10,0.1678,0.5556,1.613,18,5,5,True,False
ETHUSDT,1d,11,0.1646,0.55,1.5919,20,5,5,False,False
ETHUSDT,1d,12,0.1535,0.5625,1.7947,16,3,5,False,True
ETHUSDT,1d,13,0.1527,0.5714,1.7697,7,7,30,False,True
ETHUSDT,1d,14,0.149,0.5714,1.4658,7,10,30,True,False
ETHUSDT,1d,15,0.1332,0.5,1.3826,8,7,30,False,False
ETHUSDT,1d,16,0.1294,0.5217,1.3566,23,3,5,True,False
ETHUSDT,1d,17,0.1284,0.5455,1.7786,11,15,5,False,False
ETHUSDT,1d,18,0.1278,0.5714,1.5722,7,5,30,False,True
ETHUSDT,1d,19,0.1086,0.5714,1.5752,14,3,5,True,True
ETHUSDT,1d,20,0.0948,0.5714,1.3887,7,7,30,True,True
ETHUSDT,1d,21,0.0913,0.5,1.2419,8,7,30,True,False
ETHUSDT,1d,22,0.0909,0.5,1.9353,10,10,5,False,True
ETHUSDT,1d,23,0.0875,0.5714,1.3702,14,7,5,True,True
ETHUSDT,1d,24,0.0862,0.5,1.4382,16,7,5,False,True
ETHUSDT,1d,25,0.0791,0.5,1.4672,6,15,15,True,False
ETHUSDT,1d,26,0.0699,0.5714,1.26,7,5,30,True,True
ETHUSDT,1d,27,0.0603,0.5333,1.2289,15,7,5,True,False
ETHUSDT,1d,28,0.059,0.4706,1.2636,17,7,5,False,False
ETHUSDT,1d,29,0.0512,0.6667,2.834,3,15,15,False,True
ETHUSDT,1d,30,0.049,0.3333,1.6335,6,15,10,True,False
ETHUSDT,1d,31,0.0445,0.5556,1.2919,9,10,5,True,True
ETHUSDT,1d,32,0.0373,0.5,1.827,4,15,5,True,True
ETHUSDT,1d,33,0.0172,0.6364,1.0778,11,10,10,True,False
ETHUSDT,1d,34,0.0165,0.4286,1.1248,7,15,10,False,False
ETHUSDT,1d,35,0.0138,0.5556,1.0573,9,5,10,True,True
ETHUSDT,1d,36,0.0124,0.6,1.084,5,15,20,False,False
ETHUSDT,1d,37,0.0109,0.4,1.0556,5,15,30,False,False
ETHUSDT,1d,38,0.0052,0.4444,1.0172,9,10,20,False,False
ETHUSDT,1d,39,0.0045,0.5,1.0135,10,10,15,True,False
ETHUSDT,1d,40,-0.004,0.4,0.9536,5,15,5,False,True
ETHUSDT,1d,41,-0.0247,0.4,0.9381,10,5,20,False,True
ETHUSDT,1d,42,-0.0275,0.4444,0.9302,9,5,20,True,True
ETHUSDT,1d,43,-0.0316,0.3333,0.3414,3,15,10,True,True
ETHUSDT,1d,44,-0.032,0.5385,0.9126,13,10,10,False,False
ETHUSDT,1d,45,-0.0424,0.5385,0.9133,13,5,15,True,False
ETHUSDT,1d,46,-0.0432,0.3333,0.5175,3,15,15,True,True
ETHUSDT,1d,47,-0.0499,0.5455,0.8808,11,7,15,False,False
ETHUSDT,1d,48,-0.053,0.6,0.751,5,15,20,True,False
ETHUSDT,1d,49,-0.0536,0.5714,0.8995,14,5,15,False,False
ETHUSDT,1d,50,-0.0559,0.5,0.8574,10,7,15,True,False
ETHUSDT,1d,51,-0.0697,0.5714,0.4342,7,10,10,True,True
ETHUSDT,1d,52,-0.0704,0.4,0.8416,10,7,20,False,True
ETHUSDT,1d,53,-0.0732,0.4444,0.8334,9,7,20,True,True
ETHUSDT,1d,54,-0.0735,0.5,0.5662,6,10,15,False,True
ETHUSDT,1d,55,-0.0767,0.4444,0.7416,9,5,15,True,True
ETHUSDT,1d,56,-0.0886,0.4,0.7008,5,15,30,True,False
ETHUSDT,1d,57,-0.1074,0.5,0.6629,10,7,10,True,True
ETHUSDT,1d,58,-0.1092,0.5,0.6984,10,5,15,False,True
ETHUSDT,1d,59,-0.1098,0.25,0.13,4,15,10,False,True
ETHUSDT,1d,60,-0.118,0.4444,0.7188,9,10,20,True,False
ETHUSDT,1d,61,-0.1257,0.4286,0.3505,7,10,10,False,True
ETHUSDT,1d,62,-0.1298,0.4,0.7426,10,3,20,True,True
ETHUSDT,1d,63,-0.1312,0.3636,0.7779,11,5,30,True,False
ETHUSDT,1d,64,-0.1322,0.3636,0.7391,11,3,20,False,True
ETHUSDT,1d,65,-0.136,0.3333,0.0775,3,15,20,False,True
ETHUSDT,1d,66,-0.1394,0.4444,0.684,9,7,20,True,False
ETHUSDT,1d,67,-0.1486,0.3333,0.3029,6,10,15,True,True
ETHUSDT,1d,68,-0.1498,0.4444,0.5951,9,7,15,True,True
ETHUSDT,1d,69,-0.1588,0.4,0.6609,10,7,20,False,False
ETHUSDT,1d,70,-0.1617,0.5455,0.5887,11,7,10,True,False
ETHUSDT,1d,71,-0.162,0.4545,0.6112,11,5,10,False,True
ETHUSDT,1d,72,-0.175,0.5,0.3892,4,10,30,False,True
ETHUSDT,1d,73,-0.1796,0.5,0.3558,4,10,30,True,True
ETHUSDT,1d,74,-0.1824,0.5,0.5811,10,7,15,False,True
ETHUSDT,1d,75,-0.2013,0.3333,0.0537,3,15,20,True,True
ETHUSDT,1d,76,-0.207,0.4545,0.6096,11,5,20,True,False
ETHUSDT,1d,77,-0.2089,0.5,0.6383,14,5,10,True,False
ETHUSDT,1d,78,-0.2224,0.0,0.0,3,15,30,False,True
ETHUSDT,1d,79,-0.2443,0.2727,0.4979,11,3,10,True,True
ETHUSDT,1d,80,-0.2458,0.3333,0.6515,12,5,30,False,False
ETHUSDT,1d,81,-0.2618,0.4167,0.4704,12,7,10,False,True
ETHUSDT,1d,82,-0.2843,0.4615,0.4707,13,7,10,False,False
ETHUSDT,1d,83,-0.2877,0.3636,0.4727,11,3,15,True,True
ETHUSDT,1d,84,-0.288,0.4167,0.5287,12,3,15,False,True
ETHUSDT,1d,85,-0.2922,0.4167,0.5252,12,5,20,False,False
ETHUSDT,1d,86,-0.3071,0.4211,0.628,19,3,15,False,False
ETHUSDT,1d,87,-0.3136,0.4375,0.5404,16,5,10,False,False
ETHUSDT,1d,88,-0.3166,0.2222,0.4308,9,3,30,True,True
ETHUSDT,1d,89,-0.3266,0.25,0.5719,16,3,30,False,False
ETHUSDT,1d,90,-0.3347,0.0,0.0,3,15,30,True,True
ETHUSDT,1d,91,-0.3515,0.3889,0.5633,18,3,15,True,False
ETHUSDT,1d,92,-0.3593,0.3333,0.2201,6,10,20,False,True
ETHUSDT,1d,93,-0.375,0.2308,0.4337,13,3,10,False,True
ETHUSDT,1d,94,-0.3877,0.3529,0.5205,17,3,20,True,False
ETHUSDT,1d,95,-0.3909,0.3333,0.1929,6,10,20,True,True
ETHUSDT,1d,96,-0.3982,0.3,0.3924,10,3,30,False,True
ETHUSDT,1d,97,-0.4047,0.1875,0.5085,16,3,30,True,False
ETHUSDT,1d,98,-0.4204,0.3684,0.5055,19,3,10,True,False
ETHUSDT,1d,99,-0.455,0.3333,0.4849,18,3,20,False,False
ETHUSDT,1d,100,-0.4568,0.3333,0.5097,21,3,10,False,False
ETHUSDT,4h,1,2.288,0.6364,2.4794,143,15,5,False,False
ETHUSDT,4h,2,2.134,0.6429,2.602,84,15,10,False,False
ETHUSDT,4h,3,1.8822,0.6372,2.5036,113,15,5,False,True
ETHUSDT,4h,4,1.7572,0.6269,2.6001,67,15,10,False,True
ETHUSDT,4h,5,1.6863,0.5769,1.8863,156,10,5,False,False
ETHUSDT,4h,6,1.6498,0.5828,1.8368,163,7,5,False,False
ETHUSDT,4h,7,1.6178,0.5838,1.719,173,5,5,False,False
ETHUSDT,4h,8,1.5626,0.6508,2.0867,63,15,15,False,False
ETHUSDT,4h,9,1.5202,0.6081,2.1377,74,15,10,True,False
ETHUSDT,4h,10,1.5135,0.5897,1.7012,156,3,5,False,True
ETHUSDT,4h,11,1.4691,0.5916,1.5085,191,3,5,False,False
ETHUSDT,4h,12,1.4683,0.594,1.9625,133,7,5,False,True
ETHUSDT,4h,13,1.4447,0.6195,2.0079,113,15,5,True,False
ETHUSDT,4h,14,1.412,0.6667,2.2717,51,15,15,False,True
ETHUSDT,4h,15,1.3722,0.5567,1.7355,97,10,10,False,False
ETHUSDT,4h,16,1.309,0.5865,1.783,133,5,5,False,True
ETHUSDT,4h,17,1.266,0.5412,1.8796,85,7,10,False,True
ETHUSDT,4h,18,1.2446,0.6341,1.9495,41,15,30,True,False
ETHUSDT,4h,19,1.2334,0.6292,2.093,89,15,5,True,True
ETHUSDT,4h,20,1.226,0.6207,1.8928,58,15,15,True,False
ETHUSDT,4h,21,1.2209,0.5763,2.094,59,15,10,True,True
ETHUSDT,4h,22,1.2142,0.6522,2.1238,46,15,15,True,True
ETHUSDT,4h,23,1.2038,0.5847,1.7775,118,10,5,False,True
ETHUSDT,4h,24,1.1724,0.5556,1.6559,54,15,20,False,False
ETHUSDT,4h,25,1.1202,0.6875,2.0444,32,15,30,True,True
ETHUSDT,4h,26,1.1041,0.5288,1.5209,104,7,10,False,False
ETHUSDT,4h,27,1.0698,0.5658,1.5751,76,10,15,False,False
ETHUSDT,4h,28,1.0603,0.5541,1.7445,74,10,10,False,True
ETHUSDT,4h,29,1.0518,0.5814,1.6646,43,15,30,False,False
ETHUSDT,4h,30,1.0517,0.5349,1.7799,43,15,20,False,True
ETHUSDT,4h,31,0.9817,0.5734,1.487,143,5,5,True,False
ETHUSDT,4h,32,0.9774,0.6078,1.5088,51,10,30,True,False
ETHUSDT,4h,33,0.9682,0.589,1.3833,163,3,5,True,False
ETHUSDT,4h,34,0.8895,0.5778,1.4314,135,3,5,True,True
ETHUSDT,4h,35,0.8769,0.5763,1.6485,59,10,15,False,True
ETHUSDT,4h,36,0.8731,0.5,1.5142,50,15,20,True,False
ETHUSDT,4h,37,0.8668,0.6176,1.6449,34,15,30,False,True
ETHUSDT,4h,38,0.8382,0.5124,1.2914,121,5,10,False,False
ETHUSDT,4h,39,0.8349,0.641,1.5925,39,10,30,True,True
ETHUSDT,4h,40,0.8343,0.6122,1.5399,49,7,30,True,True
ETHUSDT,4h,41,0.8287,0.4759,1.2436,145,3,10,False,False
ETHUSDT,4h,42,0.8107,0.6029,1.3694,68,5,20,False,True
ETHUSDT,4h,43,0.7902,0.5586,1.4986,111,5,5,True,True
ETHUSDT,4h,44,0.7803,0.5197,1.2685,127,3,10,True,False
ETHUSDT,4h,45,0.7749,0.5128,1.5778,39,15,20,True,True
ETHUSDT,4h,46,0.7562,0.5556,1.3558,54,10,30,False,False
ETHUSDT,4h,47,0.7558,0.5106,1.3597,94,5,10,False,True
ETHUSDT,4h,48,0.7541,0.5493,1.4229,71,7,15,False,True
ETHUSDT,4h,49,0.7278,0.5128,1.4974,78,7,10,True,True
ETHUSDT,4h,50,0.7267,0.5469,1.3635,128,10,5,True,False
ETHUSDT,4h,51,0.6799,0.5547,1.3249,137,7,5,True,False
ETHUSDT,4h,52,0.6657,0.4917,1.2332,120,3,10,False,True
ETHUSDT,4h,53,0.6478,0.5227,1.3298,88,10,10,True,False
ETHUSDT,4h,54,0.6438,0.5357,1.4479,56,10,15,True,True
ETHUSDT,4h,55,0.6364,0.5352,1.3292,71,10,15,True,False
ETHUSDT,4h,56,0.6335,0.5586,1.3879,111,7,5,True,True
ETHUSDT,4h,57,0.6294,0.541,1.3561,61,7,20,False,True
ETHUSDT,4h,58,0.6214,0.5053,1.2929,95,7,10,True,False
ETHUSDT,4h,59,0.6188,0.5686,1.3297,51,5,30,True,True
ETHUSDT,4h,60,0.6083,0.5192,1.2528,104,3,10,True,True
ETHUSDT,4h,61,0.6065,0.5333,1.2458,105,5,10,True,False
ETHUSDT,4h,62,0.6038,0.4486,1.1656,107,3,20,False,False
ETHUSDT,4h,63,0.5813,0.5854,1.3575,41,10,30,False,True
ETHUSDT,4h,64,0.5687,0.5455,1.3379,66,7,15,True,True
ETHUSDT,4h,65,0.5686,0.5056,1.1819,89,3,20,False,True
ETHUSDT,4h,66,0.5519,0.5769,1.3012,52,7,30,False,True
ETHUSDT,4h,67,0.5434,0.5287,1.2089,87,7,15,False,False
ETHUSDT,4h,68,0.5121,0.5119,1.2659,84,5,10,True,True
ETHUSDT,4h,69,0.4958,0.4878,1.1722,82,3,20,True,True
ETHUSDT,4h,70,0.4856,0.5128,1.2176,78,5,15,False,True
ETHUSDT,4h,71,0.4811,0.4762,1.2232,63,10,20,True,False
ETHUSDT,4h,72,0.4787,0.5075,1.1987,67,10,20,False,False
ETHUSDT,4h,73,0.4782,0.5408,1.3008,98,10,5,True,True
ETHUSDT,4h,74,0.4736,0.5147,1.315,68,10,10,True,True
ETHUSDT,4h,75,0.4515,0.4944,1.1338,89,5,20,False,False
ETHUSDT,4h,76,0.419,0.4746,1.114,118,3,15,False,False
ETHUSDT,4h,77,0.3415,0.5,1.1137,74,3,30,False,True
ETHUSDT,4h,78,0.3071,0.5312,1.129,64,5,20,True,True
ETHUSDT,4h,79,0.2823,0.4949,1.0879,99,3,15,False,True
ETHUSDT,4h,80,0.2817,0.4746,1.152,59,7,20,True,True
ETHUSDT,4h,81,0.2639,0.4932,1.1219,73,5,15,True,True
ETHUSDT,4h,82,0.2622,0.4928,1.0916,69,3,30,True,True
ETHUSDT,4h,83,0.2481,0.5244,1.0978,82,7,15,True,False
ETHUSDT,4h,84,0.238,0.5,1.1249,52,10,20,False,True
ETHUSDT,4h,85,0.2155,0.4889,1.0734,90,3,15,True,True
ETHUSDT,4h,86,0.2094,0.44,1.0565,100,3,20,True,False
ETHUSDT,4h,87,0.2057,0.4933,1.0723,75,7,20,False,False
ETHUSDT,4h,88,0.1892,0.4579,1.0545,107,3,15,True,False
ETHUSDT,4h,89,0.121,0.4694,1.0651,49,10,20,True,True
ETHUSDT,4h,90,0.1148,0.4634,1.0339,82,5,20,True,False
ETHUSDT,4h,91,0.1013,0.5161,1.037,62,7,30,True,False
ETHUSDT,4h,92,0.081,0.5091,1.0358,55,5,30,False,True
ETHUSDT,4h,93,0.0075,0.4444,1.0027,72,7,20,True,False
ETHUSDT,4h,94,-0.0021,0.4706,0.9994,102,5,15,False,False
ETHUSDT,4h,95,-0.01,0.5077,0.9965,65,7,30,False,False
ETHUSDT,4h,96,-0.052,0.4565,0.9835,92,5,15,True,False
ETHUSDT,4h,97,-0.153,0.4043,0.9614,94,3,30,False,False
ETHUSDT,4h,98,-0.2407,0.4138,0.9368,87,3,30,True,False
ETHUSDT,4h,99,-0.2466,0.5072,0.926,69,5,30,True,False
ETHUSDT,4h,100,-0.6829,0.4667,0.8154,75,5,30,False,False
ETHUSDT,1h,1,8.525,0.6408,2.3073,554,10,5,False,False
ETHUSDT,1h,2,8.4592,0.6243,1.9073,708,3,5,False,False
ETHUSDT,1h,3,7.9397,0.6248,2.0394,597,7,5,False,False
ETHUSDT,1h,4,7.765,0.6262,1.9441,650,5,5,False,False
ETHUSDT,1h,5,7.1394,0.6228,2.0685,509,15,5,False,False
ETHUSDT,1h,6,6.8733,0.6347,1.9633,553,3,5,False,True
ETHUSDT,1h,7,6.8143,0.6487,2.1418,501,5,5,False,True
ETHUSDT,1h,8,6.7688,0.6401,2.1882,464,7,5,False,True
ETHUSDT,1h,9,6.6154,0.6174,1.8329,596,3,5,True,False
ETHUSDT,1h,10,6.3235,0.6456,2.2982,412,10,5,False,True
ETHUSDT,1h,11,6.0517,0.5739,1.5762,521,3,10,False,False
ETHUSDT,1h,12,5.7035,0.4935,1.5771,306,3,30,True,False
ETHUSDT,1h,13,5.6056,0.6334,1.9105,341,10,10,False,False
ETHUSDT,1h,14,5.5725,0.4729,1.5068,332,3,30,False,False
ETHUSDT,1h,15,5.5625,0.6232,1.837,483,7,5,True,False
ETHUSDT,1h,16,5.562,0.5457,1.4857,449,3,15,False,False
ETHUSDT,1h,17,5.422,0.6217,1.7497,534,5,5,True,False
ETHUSDT,1h,18,5.223,0.6124,1.8751,436,10,5,True,False
ETHUSDT,1h,19,5.0837,0.6209,1.8545,459,3,5,True,True
ETHUSDT,1h,20,5.0238,0.6139,1.8865,303,15,10,False,False
ETHUSDT,1h,21,5.0131,0.5152,1.451,363,3,20,True,False
ETHUSDT,1h,22,4.9948,0.495,1.4148,398,3,20,False,False
ETHUSDT,1h,23,4.8973,0.5683,1.5396,461,3,10,True,False
ETHUSDT,1h,24,4.864,0.6197,2.0351,355,15,5,False,True
ETHUSDT,1h,25,4.7192,0.6429,1.9057,406,5,5,True,True
ETHUSDT,1h,26,4.6827,0.5495,1.4438,404,3,15,True,False
ETHUSDT,1h,27,4.633,0.6084,1.8873,383,15,5,True,False
ETHUSDT,1h,28,4.6115,0.5309,1.4756,324,5,20,False,False
ETHUSDT,1h,29,4.589,0.5708,1.4924,445,5,10,False,False
ETHUSDT,1h,30,4.5219,0.5831,1.5501,391,7,10,False,False
ETHUSDT,1h,31,4.4824,0.6369,1.9073,369,7,5,True,True
ETHUSDT,1h,32,4.3605,0.5455,1.4724,297,5,20,True,False
ETHUSDT,1h,33,4.3604,0.5442,1.4891,351,3,15,False,True
ETHUSDT,1h,34,4.3463,0.5725,1.5099,407,3,10,False,True
ETHUSDT,1h,35,4.3386,0.5426,1.5715,223,7,30,False,False
ETHUSDT,1h,36,4.2929,0.5388,1.6285,206,7,30,True,False
ETHUSDT,1h,37,4.2457,0.588,1.7166,301,10,10,True,False
ETHUSDT,1h,38,4.2138,0.5836,1.62,341,7,10,True,False
ETHUSDT,1h,39,4.0708,0.5169,1.4352,267,5,30,False,False
ETHUSDT,1h,40,4.0605,0.5743,1.5614,343,5,10,False,True
ETHUSDT,1h,41,3.9361,0.5256,1.4678,234,3,30,True,True
ETHUSDT,1h,42,3.8953,0.6299,1.8225,254,10,10,False,True
ETHUSDT,1h,43,3.8694,0.6223,1.875,323,10,5,True,True
ETHUSDT,1h,44,3.853,0.5309,1.4718,275,7,20,False,False
ETHUSDT,1h,45,3.8433,0.5774,1.7144,265,15,10,True,False
ETHUSDT,1h,46,3.8138,0.5703,1.5746,263,10,15,False,False
ETHUSDT,1h,47,3.8008,0.506,1.4219,251,5,30,True,False
ETHUSDT,1h,48,3.7747,0.5601,1.4677,391,5,10,True,False
ETHUSDT,1h,49,3.7487,0.5689,1.542,225,5,20,True,True
ETHUSDT,1h,50,3.7397,0.5385,1.4874,247,5,20,False,True
ETHUSDT,1h,51,3.6242,0.5709,1.6236,296,5,10,True,True
ETHUSDT,1h,52,3.5629,0.5718,1.5054,355,3,10,True,True
ETHUSDT,1h,53,3.5205,0.5469,1.4364,309,7,15,False,False
ETHUSDT,1h,54,3.4574,0.5459,1.5336,229,10,20,False,False
ETHUSDT,1h,55,3.455,0.5517,1.607,232,15,15,False,False
ETHUSDT,1h,56,3.4501,0.5078,1.3648,258,3,30,False,True
ETHUSDT,1h,57,3.4367,0.5512,1.4462,254,7,20,True,False
ETHUSDT,1h,58,3.3733,0.6157,1.9429,268,15,5,True,True
ETHUSDT,1h,59,3.313,0.5434,1.4051,311,3,15,True,True
ETHUSDT,1h,60,3.289,0.5674,1.4669,282,7,15,True,False
ETHUSDT,1h,61,3.2004,0.5719,1.4617,306,7,10,False,True
ETHUSDT,1h,62,3.1984,0.5259,1.3138,367,5,15,False,False
ETHUSDT,1h,63,3.1705,0.5302,1.3353,281,3,20,True,True
ETHUSDT,1h,64,3.1158,0.6047,1.7139,215,15,10,False,True
ETHUSDT,1h,65,3.0565,0.5349,1.486,215,10,20,True,False
ETHUSDT,1h,66,3.048,0.5804,1.6702,224,10,10,True,True
ETHUSDT,1h,67,3.0478,0.5376,1.4689,186,10,30,False,False
ETHUSDT,1h,68,3.0118,0.5649,1.5359,262,7,10,True,True
ETHUSDT,1h,69,2.9843,0.5161,1.2823,310,3,20,False,True
ETHUSDT,1h,70,2.9366,0.534,1.3776,206,5,30,False,True
ETHUSDT,1h,71,2.9166,0.5214,1.3852,280,5,15,False,True
ETHUSDT,1h,72,2.887,0.5774,1.4672,239,10,15,True,False
ETHUSDT,1h,73,2.7771,0.5143,1.4567,175,10,30,True,False
ETHUSDT,1h,74,2.5871,0.5355,1.2724,338,5,15,True,False
ETHUSDT,1h,75,2.4087,0.5333,1.3608,255,5,15,True,True
ETHUSDT,1h,76,2.3454,0.5052,1.3075,192,5,30,True,True
ETHUSDT,1h,77,2.2997,0.5464,1.3661,194,7,20,True,True
ETHUSDT,1h,78,2.2739,0.5661,1.5437,189,15,10,True,True
ETHUSDT,1h,79,2.2518,0.5188,1.3437,239,7,15,False,True
ETHUSDT,1h,80,2.2206,0.5031,1.3694,161,7,30,True,True
ETHUSDT,1h,81,2.2203,0.5254,1.3207,177,7,30,False,True
ETHUSDT,1h,82,2.1764,0.5482,1.4127,197,10,15,False,True
ETHUSDT,1h,83,2.1152,0.5297,1.3364,202,15,20,False,False
ETHUSDT,1h,84,2.1049,0.5093,1.2987,214,7,20,False,True
ETHUSDT,1h,85,2.08,0.566,1.3656,212,15,15,True,False
ETHUSDT,1h,86,1.9602,0.4969,1.3222,163,15,30,False,False
ETHUSDT,1h,87,1.8692,0.5132,1.3157,189,15,20,True,False
ETHUSDT,1h,88,1.8185,0.5389,1.396,167,15,15,False,True
ETHUSDT,1h,89,1.8029,0.4834,1.3158,151,15,30,True,False
ETHUSDT,1h,90,1.7235,0.5106,1.34,141,10,30,False,True
ETHUSDT,1h,91,1.7123,0.5291,1.312,172,10,20,False,True
ETHUSDT,1h,92,1.6876,0.5342,1.3329,161,10,20,True,True
ETHUSDT,1h,93,1.619,0.5395,1.2696,215,7,15,True,True
ETHUSDT,1h,94,1.0304,0.5475,1.1974,179,10,15,True,True
ETHUSDT,1h,95,1.022,0.5182,1.2358,137,15,20,True,True
ETHUSDT,1h,96,1.0199,0.517,1.208,147,15,20,False,True
ETHUSDT,1h,97,0.9664,0.4478,1.1865,134,10,30,True,True
ETHUSDT,1h,98,0.6569,0.5556,1.1449,153,15,15,True,True
ETHUSDT,1h,99,-0.0562,0.4711,0.9895,121,15,30,False,True
ETHUSDT,1h,100,-0.534,0.4286,0.8988,112,15,30,True,True
XRPUSDT,1d,1,0.8416,0.68,5.4526,25,3,5,True,False
XRPUSDT,1d,2,0.8053,0.6333,3.3704,30,3,5,False,False
XRPUSDT,1d,3,0.8003,0.8235,13.8729,17,7,5,True,True
XRPUSDT,1d,4,0.7793,0.8824,14.2812,17,5,5,True,True
XRPUSDT,1d,5,0.7602,0.7143,4.3143,21,3,5,False,True
XRPUSDT,1d,6,0.756,0.7647,9.1377,17,3,5,True,True
XRPUSDT,1d,7,0.756,0.7143,4.9858,21,7,5,True,False
XRPUSDT,1d,8,0.7524,1.0,inf,5,10,30,True,True
XRPUSDT,1d,9,0.73,0.75,7.7587,20,5,5,True,False
XRPUSDT,1d,10,0.6969,0.75,4.4407,20,10,5,True,False
XRPUSDT,1d,11,0.6833,0.6522,3.0443,23,10,5,False,True
XRPUSDT,1d,12,0.6779,0.625,2.7183,24,7,5,False,True
XRPUSDT,1d,13,0.6732,0.6071,2.2409,28,10,5,False,False
XRPUSDT,1d,14,0.6336,0.5714,2.2138,28,7,5,False,False
XRPUSDT,1d,15,0.6123,0.8125,7.8724,16,10,5,True,True
XRPUSDT,1d,16,0.6038,0.6522,2.579,23,5,5,False,True
XRPUSDT,1d,17,0.6036,0.7143,4.1811,7,10,30,False,True
XRPUSDT,1d,18,0.5648,0.8333,7.6093,6,7,30,True,True
XRPUSDT,1d,19,0.5599,0.875,5.3902,8,10,15,True,True
XRPUSDT,1d,20,0.5545,0.5769,2.2843,26,5,5,False,False
XRPUSDT,1d,21,0.5183,0.6429,2.4559,14,10,10,False,True
XRPUSDT,1d,22,0.5181,0.625,2.8827,8,7,30,False,True
XRPUSDT,1d,23,0.5091,0.6364,3.0879,11,7,10,True,True
XRPUSDT,1d,24,0.5005,0.875,4.9242,8,7,15,True,True
XRPUSDT,1d,25,0.4996,0.5833,2.9717,12,5,10,True,True
XRPUSDT,1d,26,0.4893,0.625,1.9941,16,7,10,False,True
XRPUSDT,1d,27,0.4797,0.7273,2.4149,11,7,15,False,True
XRPUSDT,1d,28,0.466,0.7,5.3781,10,10,10,True,True
XRPUSDT,1d,29,0.4543,0.5294,1.8667,17,5,10,False,True
XRPUSDT,1d,30,0.4334,0.7,2.2783,10,10,15,False,True
XRPUSDT,1d,31,0.3974,0.6,1.7991,15,3,30,False,False
XRPUSDT,1d,32,0.3868,0.6154,3.3606,13,15,5,False,True
XRPUSDT,1d,33,0.3868,0.6154,3.3606,13,15,5,False,False
XRPUSDT,1d,34,0.3794,1.0,inf,3,15,30,True,True
XRPUSDT,1d,35,0.3794,1.0,inf,3,15,30,True,False
XRPUSDT,1d,36,0.3698,0.5789,1.6732,19,3,15,False,False
XRPUSDT,1d,37,0.3531,0.5294,1.5331,17,3,20,True,False
XRPUSDT,1d,38,0.3468,0.7143,2.2876,7,10,20,True,True
XRPUSDT,1d,39,0.3359,0.5,1.8052,14,7,10,True,False
XRPUSDT,1d,40,0.3348,0.4615,1.899,13,3,30,True,False
XRPUSDT,1d,41,0.3263,0.5294,1.5955,17,10,10,False,False
XRPUSDT,1d,42,0.3182,0.5,1.7343,8,10,30,True,False
XRPUSDT,1d,43,0.3114,0.625,2.0219,8,7,20,True,True
XRPUSDT,1d,44,0.3107,0.5385,2.1868,13,10,10,True,False
XRPUSDT,1d,45,0.3102,0.55,1.574,20,3,10,True,False
XRPUSDT,1d,46,0.2973,0.7778,4.4728,9,15,5,True,True
XRPUSDT,1d,47,0.2973,0.7778,4.4728,9,15,5,True,False
XRPUSDT,1d,48,0.2926,0.6667,1.719,9,10,20,False,True
XRPUSDT,1d,49,0.2859,0.6364,1.7118,11,10,15,True,False
XRPUSDT,1d,50,0.2793,0.5263,1.3979,19,7,10,False,False
XRPUSDT,1d,51,0.2769,0.8,3.171,5,15,15,True,True
XRPUSDT,1d,52,0.2769,0.8,3.171,5,15,15,True,False
XRPUSDT,1d,53,0.2743,0.5789,1.3538,19,3,20,False,False
XRPUSDT,1d,54,0.265,0.5714,1.6535,14,3,10,True,True
XRPUSDT,1d,55,0.2632,0.7778,1.9461,9,5,15,True,True
XRPUSDT,1d,56,0.2597,0.5714,1.6667,7,5,30,True,True
XRPUSDT,1d,57,0.2505,0.5,1.6282,8,7,30,True,False
XRPUSDT,1d,58,0.2464,0.6,1.5571,10,7,20,False,True
XRPUSDT,1d,59,0.2402,0.4667,1.4685,15,5,10,True,False
XRPUSDT,1d,60,0.2376,0.5417,1.3252,24,3,10,False,False
XRPUSDT,1d,61,0.2319,0.5,1.9728,8,15,10,False,True
XRPUSDT,1d,62,0.2319,0.5,1.9728,8,15,10,False,False
XRPUSDT,1d,63,0.2258,0.6667,3.1954,6,15,10,True,True
XRPUSDT,1d,64,0.2258,0.6667,3.1954,6,15,10,True,False
XRPUSDT,1d,65,0.2102,0.6364,1.5029,11,7,15,True,False
XRPUSDT,1d,66,0.1983,0.75,2.197,4,15,30,False,True
XRPUSDT,1d,67,0.1983,0.75,2.197,4,15,30,False,False
XRPUSDT,1d,68,0.1846,0.5882,1.3122,17,3,15,True,False
XRPUSDT,1d,69,0.1802,0.5294,1.3096,17,3,10,False,True
XRPUSDT,1d,70,0.178,0.4444,1.3743,9,3,30,True,True
XRPUSDT,1d,71,0.1774,0.5556,1.4044,9,5,20,True,True
XRPUSDT,1d,72,0.1758,0.6364,1.4225,11,3,15,True,True
XRPUSDT,1d,73,0.1617,0.4444,1.2565,9,5,30,False,True
XRPUSDT,1d,74,0.1582,0.45,1.1929,20,5,10,False,False
XRPUSDT,1d,75,0.1303,0.75,1.5888,4,15,20,True,True
XRPUSDT,1d,76,0.1303,0.75,1.5888,4,15,20,True,False
XRPUSDT,1d,77,0.105,0.5833,1.1911,12,5,15,False,True
XRPUSDT,1d,78,0.1037,0.6154,1.1803,13,3,15,False,True
XRPUSDT,1d,79,0.0957,0.6667,1.3407,6,15,15,False,True
XRPUSDT,1d,80,0.0957,0.6667,1.3407,6,15,15,False,False
XRPUSDT,1d,81,0.0933,0.5714,1.1286,14,7,15,False,False
XRPUSDT,1d,82,0.0739,0.4545,1.1363,11,7,20,True,False
XRPUSDT,1d,83,0.0706,0.5455,1.1352,11,3,20,True,True
XRPUSDT,1d,84,0.0633,0.5385,1.0892,13,10,15,False,False
XRPUSDT,1d,85,0.063,0.5,1.1007,12,5,20,False,True
XRPUSDT,1d,86,0.0624,0.5,1.1127,10,10,20,True,False
XRPUSDT,1d,87,0.0297,0.4444,1.0479,9,5,30,True,False
XRPUSDT,1d,88,0.0163,0.4,1.0211,10,7,30,False,False
XRPUSDT,1d,89,-0.0182,0.4,0.9776,10,10,30,False,False
XRPUSDT,1d,90,-0.0204,0.6,0.9468,5,15,20,False,True
XRPUSDT,1d,91,-0.0204,0.6,0.9468,5,15,20,False,False
XRPUSDT,1d,92,-0.0378,0.3636,0.9484,11,3,30,False,True
XRPUSDT,1d,93,-0.1142,0.5833,0.8259,12,5,15,True,False
XRPUSDT,1d,94,-0.1213,0.4615,0.8502,13,7,20,False,False
XRPUSDT,1d,95,-0.122,0.5,0.8515,12,10,20,False,False
XRPUSDT,1d,96,-0.1427,0.4615,0.8034,13,3,20,False,True
XRPUSDT,1d,97,-0.1685,0.4167,0.7852,12,5,20,True,False
XRPUSDT,1d,98,-0.2592,0.3636,0.7535,11,5,30,False,False
XRPUSDT,1d,99,-0.3685,0.4667,0.6397,15,5,15,False,False
XRPUSDT,1d,100,-0.4132,0.4,0.6251,15,5,20,False,False
XRPUSDT,4h,1,2.7241,0.6288,2.7047,132,7,5,False,False
XRPUSDT,4h,2,2.5588,0.6014,2.3123,148,5,5,False,False
XRPUSDT,4h,3,2.4313,0.626,2.5128,131,10,5,False,False
XRPUSDT,4h,4,2.0436,0.6421,2.8892,95,10,5,False,True
XRPUSDT,4h,5,2.031,0.6238,2.6905,101,7,5,False,True
XRPUSDT,4h,6,2.0309,0.5966,2.2672,119,5,5,False,True
XRPUSDT,4h,7,2.02,0.5852,1.6799,176,3,5,False,False
XRPUSDT,4h,8,1.7618,0.6133,1.7584,150,3,5,True,False
XRPUSDT,4h,9,1.7167,0.6,1.5945,85,3,20,True,False
XRPUSDT,4h,10,1.7114,0.6379,1.9844,116,15,5,False,False
XRPUSDT,4h,11,1.6995,0.5421,1.4718,107,3,15,False,False
XRPUSDT,4h,12,1.6607,0.6098,1.9525,123,5,5,True,False
XRPUSDT,4h,13,1.6283,0.7053,2.3134,95,15,5,False,True
XRPUSDT,4h,14,1.6159,0.5521,1.5013,96,3,15,True,False
XRPUSDT,4h,15,1.5507,0.5985,1.7229,132,3,5,False,True
XRPUSDT,4h,16,1.519,0.5833,1.9647,108,7,5,True,False
XRPUSDT,4h,17,1.4219,0.5833,1.4772,84,5,15,False,False
XRPUSDT,4h,18,1.3746,0.5165,1.4066,91,3,20,False,False
XRPUSDT,4h,19,1.2577,0.6182,1.7363,110,3,5,True,True
XRPUSDT,4h,20,1.2272,0.5663,1.5656,83,10,10,False,False
XRPUSDT,4h,21,1.2056,0.6207,1.8753,58,10,10,False,True
XRPUSDT,4h,22,1.2024,0.5634,1.4423,71,5,20,False,False
XRPUSDT,4h,23,1.1209,0.61,1.7318,100,5,5,True,True
XRPUSDT,4h,24,1.0885,0.6,1.4877,50,5,30,False,True
XRPUSDT,4h,25,1.0812,0.5575,1.3299,113,3,10,True,False
XRPUSDT,4h,26,1.0279,0.5286,1.3663,70,3,20,False,True
XRPUSDT,4h,27,1.0115,0.5783,1.8302,83,7,5,True,True
XRPUSDT,4h,28,1.0004,0.5957,1.668,47,10,15,False,True
XRPUSDT,4h,29,0.9765,0.5758,1.3663,66,5,20,True,False
XRPUSDT,4h,30,0.9643,0.5932,1.8123,59,15,10,False,True
XRPUSDT,4h,31,0.9509,0.5965,1.5947,57,15,15,False,False
XRPUSDT,4h,32,0.929,0.5172,1.3378,87,7,10,False,False
XRPUSDT,4h,33,0.9278,0.6304,1.7384,46,15,15,False,True
XRPUSDT,4h,34,0.927,0.5673,1.5228,104,10,5,True,False
XRPUSDT,4h,35,0.9171,0.5821,1.3921,67,10,15,False,False
XRPUSDT,4h,36,0.9134,0.5556,1.3491,63,7,20,False,False
XRPUSDT,4h,37,0.9078,0.54,1.298,100,5,10,False,False
XRPUSDT,4h,38,0.9016,0.5484,1.3379,62,5,30,False,False
XRPUSDT,4h,39,0.8876,0.5354,1.2287,127,3,10,False,False
XRPUSDT,4h,40,0.8606,0.5897,1.6555,78,10,5,True,True
XRPUSDT,4h,41,0.8025,0.5616,1.4469,73,15,10,False,False
XRPUSDT,4h,42,0.8019,0.5714,1.3674,56,10,20,False,False
XRPUSDT,4h,43,0.768,0.5676,1.2631,74,7,15,False,False
XRPUSDT,4h,44,0.7661,0.5224,1.3625,67,7,10,False,True
XRPUSDT,4h,45,0.7181,0.597,1.2477,67,3,20,True,True
XRPUSDT,4h,46,0.715,0.549,1.5588,51,15,10,True,True
XRPUSDT,4h,47,0.6848,0.6623,1.4782,77,15,5,True,True
XRPUSDT,4h,48,0.6835,0.5444,1.2246,90,5,10,True,False
XRPUSDT,4h,49,0.6611,0.5395,1.2047,76,5,15,True,False
XRPUSDT,4h,50,0.6514,0.5735,1.2332,68,5,15,False,True
XRPUSDT,4h,51,0.6395,0.5978,1.3676,92,15,5,True,False
XRPUSDT,4h,52,0.62,0.566,1.3996,53,10,10,True,True
XRPUSDT,4h,53,0.6038,0.5893,1.2774,56,7,15,False,True
XRPUSDT,4h,54,0.5829,0.575,1.3638,40,15,30,False,False
XRPUSDT,4h,55,0.5801,0.5208,1.1919,96,3,10,False,True
XRPUSDT,4h,56,0.5666,0.5593,1.2173,59,5,30,True,False
XRPUSDT,4h,57,0.5543,0.52,1.1731,75,3,30,True,False
XRPUSDT,4h,58,0.5443,0.5375,1.1597,80,3,15,False,True
XRPUSDT,4h,59,0.5355,0.5909,1.3836,44,15,15,True,True
XRPUSDT,4h,60,0.5201,0.5417,1.2316,72,10,10,True,False
XRPUSDT,4h,61,0.5147,0.5686,1.2382,51,10,20,True,False
XRPUSDT,4h,62,0.4748,0.5161,1.2648,62,15,10,True,False
XRPUSDT,4h,63,0.4647,0.5,1.3607,38,15,20,False,True
XRPUSDT,4h,64,0.4518,0.5526,1.3624,38,15,20,True,True
XRPUSDT,4h,65,0.4364,0.5526,1.279,38,10,20,True,True
XRPUSDT,4h,66,0.4335,0.5179,1.15,56,7,30,False,False
XRPUSDT,4h,67,0.4247,0.5938,1.3552,32,15,30,False,True
XRPUSDT,4h,68,0.4202,0.5116,1.1839,43,7,30,False,True
XRPUSDT,4h,69,0.4178,0.4872,1.2534,39,10,20,False,True
XRPUSDT,4h,70,0.4026,0.5208,1.2271,48,15,20,False,False
XRPUSDT,4h,71,0.3718,0.5128,1.1296,78,7,10,True,False
XRPUSDT,4h,72,0.3675,0.5352,1.1187,71,3,15,True,True
XRPUSDT,4h,73,0.3483,0.5062,1.1245,81,5,10,False,True
XRPUSDT,4h,74,0.3449,0.5412,1.1227,85,3,10,True,True
XRPUSDT,4h,75,0.3435,0.551,1.1372,49,5,30,True,True
XRPUSDT,4h,76,0.3358,0.4889,1.1887,45,10,15,True,True
XRPUSDT,4h,77,0.3347,0.5424,1.1189,59,7,20,True,False
XRPUSDT,4h,78,0.332,0.5306,1.1298,49,10,30,False,False
XRPUSDT,4h,79,0.2969,0.5938,1.251,32,15,30,True,True
XRPUSDT,4h,80,0.2867,0.5556,1.1393,45,10,30,True,False
XRPUSDT,4h,81,0.2793,0.5435,1.1577,46,15,20,True,False
XRPUSDT,4h,82,0.2769,0.4918,1.0943,61,3,30,False,True
XRPUSDT,4h,83,0.2623,0.5641,1.1733,39,15,30,True,False
XRPUSDT,4h,84,0.2192,0.561,1.099,41,7,30,True,True
XRPUSDT,4h,85,0.2098,0.5556,1.1037,54,15,15,True,False
XRPUSDT,4h,86,0.2017,0.475,1.0543,80,3,30,False,False
XRPUSDT,4h,87,0.1735,0.5246,1.0665,61,10,15,True,False
XRPUSDT,4h,88,0.1368,0.5167,1.0587,60,7,10,True,True
XRPUSDT,4h,89,0.128,0.5205,1.045,73,5,10,True,True
XRPUSDT,4h,90,0.0943,0.5,1.0383,50,7,20,False,True
XRPUSDT,4h,91,0.0762,0.5085,1.0257,59,5,20,False,True
XRPUSDT,4h,92,-0.0613,0.5283,0.979,53,7,30,True,False
XRPUSDT,4h,93,-0.0647,0.4828,0.9775,58,3,30,True,True
XRPUSDT,4h,94,-0.1178,0.5312,0.9307,32,10,30,True,True
XRPUSDT,4h,95,-0.118,0.5455,0.9387,33,10,30,False,True
XRPUSDT,4h,96,-0.1811,0.5,0.9451,70,7,15,True,False
XRPUSDT,4h,97,-0.2279,0.5435,0.9071,46,7,20,True,True
XRPUSDT,4h,98,-0.2758,0.4921,0.9148,63,5,15,True,True
XRPUSDT,4h,99,-0.3382,0.5,0.8921,56,5,20,True,True
XRPUSDT,4h,100,-0.3414,0.4906,0.8691,53,7,15,True,True
XRPUSDT,1h,1,10.7236,0.6308,2.1636,585,15,5,False,False
XRPUSDT,1h,2,10.5691,0.6228,1.9754,639,7,5,False,False
XRPUSDT,1h,3,10.5557,0.6286,1.9751,622,10,5,False,False
XRPUSDT,1h,4,10.525,0.6245,1.8933,687,5,5,False,False
XRPUSDT,1h,5,9.5213,0.6401,2.3589,464,15,5,False,True
XRPUSDT,1h,6,9.4007,0.5807,1.6959,756,3,5,False,False
XRPUSDT,1h,7,8.6587,0.6209,2.0129,554,5,5,True,False
XRPUSDT,1h,8,8.5273,0.6285,2.037,471,10,5,False,True
XRPUSDT,1h,9,8.4174,0.6315,2.0475,483,7,5,False,True
XRPUSDT,1h,10,8.2251,0.5915,1.7568,634,3,5,True,False
XRPUSDT,1h,11,8.0281,0.6315,1.8623,540,5,5,False,True
XRPUSDT,1h,12,7.5397,0.5875,1.6921,594,3,5,False,True
XRPUSDT,1h,13,7.4496,0.5667,1.5979,487,3,10,True,False
XRPUSDT,1h,14,7.4391,0.6301,1.9134,346,15,10,False,False
XRPUSDT,1h,15,7.1917,0.6102,1.8578,508,7,5,True,False
XRPUSDT,1h,16,7.1704,0.6103,1.9115,485,10,5,True,False
XRPUSDT,1h,17,7.162,0.6556,2.3016,270,15,10,False,True
XRPUSDT,1h,18,6.8365,0.6014,2.0024,439,15,5,True,False
XRPUSDT,1h,19,6.7252,0.5968,1.77,496,3,5,True,True
XRPUSDT,1h,20,6.6144,0.4912,1.4148,340,3,30,False,False
XRPUSDT,1h,21,6.5843,0.5519,1.431,549,3,10,False,False
XRPUSDT,1h,22,6.5701,0.6031,1.656,388,10,10,False,False
XRPUSDT,1h,23,6.5071,0.5689,1.5299,457,5,10,False,False
XRPUSDT,1h,24,6.389,0.6192,1.9729,428,5,5,True,True
XRPUSDT,1h,25,6.312,0.6061,1.8276,264,15,15,False,False
XRPUSDT,1h,26,6.2904,0.4887,1.4357,311,3,30,True,False
XRPUSDT,1h,27,6.2721,0.6092,2.2359,348,15,5,True,True
XRPUSDT,1h,28,6.2493,0.6359,2.1814,206,15,15,False,True
XRPUSDT,1h,29,6.1258,0.537,1.4089,419,3,15,True,False
XRPUSDT,1h,30,6.1233,0.5072,1.3595,414,3,20,False,False
XRPUSDT,1h,31,6.0841,0.6194,1.9145,289,10,10,False,True
XRPUSDT,1h,32,6.0318,0.6055,2.0326,365,10,5,True,True
XRPUSDT,1h,33,5.9219,0.5187,1.3829,374,3,20,True,False
XRPUSDT,1h,34,5.8879,0.5312,1.3475,465,3,15,False,False
XRPUSDT,1h,35,5.8405,0.5679,1.5521,405,5,10,True,False
XRPUSDT,1h,36,5.7021,0.5537,1.4469,307,5,20,True,False
XRPUSDT,1h,37,5.6082,0.6089,1.8959,381,7,5,True,True
XRPUSDT,1h,38,5.4824,0.5378,1.4596,251,5,30,True,False
XRPUSDT,1h,39,5.3708,0.5573,1.5377,375,3,10,True,True
XRPUSDT,1h,40,5.262,0.5309,1.373,275,5,30,False,False
XRPUSDT,1h,41,5.2063,0.5552,1.4067,362,3,15,False,True
XRPUSDT,1h,42,5.1279,0.5324,1.3541,340,5,20,False,False
XRPUSDT,1h,43,5.1036,0.5515,1.3644,388,5,15,False,False
XRPUSDT,1h,44,5.0326,0.569,1.4153,420,7,10,False,False
XRPUSDT,1h,45,5.0222,0.625,2.1122,232,15,10,True,True
XRPUSDT,1h,46,4.8057,0.5449,1.4149,323,3,15,True,True
XRPUSDT,1h,47,4.8051,0.59,1.5587,339,10,10,True,False
XRPUSDT,1h,48,4.8016,0.6034,1.7169,295,15,10,True,False
XRPUSDT,1h,49,4.7239,0.5491,1.3735,428,3,10,False,True
XRPUSDT,1h,50,4.7182,0.5467,1.3956,289,3,20,True,True
XRPUSDT,1h,51,4.613,0.5625,1.3644,352,5,15,True,False
XRPUSDT,1h,52,4.4885,0.5879,1.5227,313,7,10,False,True
XRPUSDT,1h,53,4.4688,0.5947,1.6111,227,10,15,False,True
XRPUSDT,1h,54,4.4623,0.6057,1.6471,175,15,20,False,True
XRPUSDT,1h,55,4.4582,0.6,1.7568,255,10,10,True,True
XRPUSDT,1h,56,4.3949,0.5668,1.3947,307,10,15,False,False
XRPUSDT,1h,57,4.3551,0.5746,1.4283,362,5,10,False,True
XRPUSDT,1h,58,4.3296,0.5714,1.7457,189,15,15,True,True
XRPUSDT,1h,59,4.3067,0.5676,1.4166,370,7,10,True,False
XRPUSDT,1h,60,4.2346,0.4959,1.3567,244,3,30,True,True
XRPUSDT,1h,61,4.1855,0.5496,1.5258,242,15,15,True,False
XRPUSDT,1h,62,4.1738,0.5323,1.2942,325,3,20,False,True
XRPUSDT,1h,63,4.1715,0.6047,1.7548,129,15,30,True,True
XRPUSDT,1h,64,4.0059,0.6078,1.4838,204,7,20,True,True
XRPUSDT,1h,65,3.9898,0.5578,1.2995,346,7,15,False,False
XRPUSDT,1h,66,3.9673,0.6456,1.6607,158,15,20,True,True
XRPUSDT,1h,67,3.8724,0.5702,1.3891,228,15,20,False,False
XRPUSDT,1h,68,3.8694,0.5882,1.57,136,15,30,False,True
XRPUSDT,1h,69,3.8126,0.583,1.3144,271,7,20,True,False
XRPUSDT,1h,70,3.8119,0.5885,1.3964,226,7,20,False,True
XRPUSDT,1h,71,3.7708,0.6244,1.4354,205,15,20,True,False
XRPUSDT,1h,72,3.7527,0.5,1.2745,266,3,30,False,True
XRPUSDT,1h,73,3.7485,0.5637,1.3131,314,7,15,True,False
XRPUSDT,1h,74,3.7483,0.5587,1.4346,315,5,10,True,True
XRPUSDT,1h,75,3.7093,0.5791,1.4846,278,7,10,True,True
XRPUSDT,1h,76,3.6265,0.5548,1.2675,301,7,20,False,False
XRPUSDT,1h,77,3.4459,0.5674,1.3621,178,15,30,False,False
XRPUSDT,1h,78,3.4163,0.5714,1.4078,168,15,30,True,False
XRPUSDT,1h,79,3.282,0.5721,1.4598,208,10,15,True,True
XRPUSDT,1h,80,3.0497,0.5461,1.2848,282,10,15,True,False
XRPUSDT,1h,81,3.0093,0.5432,1.2701,243,5,20,True,True
XRPUSDT,1h,82,2.9877,0.5401,1.2355,274,5,20,False,True
XRPUSDT,1h,83,2.9031,0.6067,1.3594,178,10,20,True,True
XRPUSDT,1h,84,2.8466,0.5775,1.2902,258,7,15,False,True
XRPUSDT,1h,85,2.8258,0.5289,1.2356,225,7,30,True,False
XRPUSDT,1h,86,2.7341,0.5476,1.3345,168,7,30,True,True
XRPUSDT,1h,87,2.7326,0.5672,1.3018,201,10,20,False,True
XRPUSDT,1h,88,2.7011,0.5068,1.2306,221,5,30,False,True
XRPUSDT,1h,89,2.6603,0.5745,1.3019,235,7,15,True,True
XRPUSDT,1h,90,2.6276,0.557,1.3507,149,10,30,True,True
XRPUSDT,1h,91,2.3824,0.545,1.2134,200,10,30,True,False
XRPUSDT,1h,92,2.3736,0.51,1.2317,200,5,30,True,True
XRPUSDT,1h,93,2.3256,0.5975,1.1941,241,10,20,True,False
XRPUSDT,1h,94,2.265,0.5484,1.183,310,5,15,False,True
XRPUSDT,1h,95,2.2543,0.5414,1.2546,157,10,30,False,True
XRPUSDT,1h,96,2.2417,0.5061,1.1594,245,7,30,False,False
XRPUSDT,1h,97,2.16,0.5556,1.1638,270,10,20,False,False
XRPUSDT,1h,98,2.0863,0.537,1.1618,216,10,30,False,False
XRPUSDT,1h,99,1.5516,0.5359,1.1441,181,7,30,False,True
XRPUSDT,1h,100,1.4436,0.5468,1.1266,278,5,15,True,True
SOLUSDT,1d,1,0.2797,0.5385,2.8353,13,7,5,False,True
SOLUSDT,1d,2,0.2674,0.5,2.6232,14,7,5,False,False
SOLUSDT,1d,3,0.2524,0.375,2.0289,8,5,30,False,True
SOLUSDT,1d,4,0.2438,0.5333,2.2475,15,5,5,False,True
SOLUSDT,1d,5,0.2402,0.5714,2.1448,7,7,30,True,False
SOLUSDT,1d,6,0.235,0.5,1.9478,8,7,30,False,False
SOLUSDT,1d,7,0.2314,0.4737,1.9425,19,3,5,False,True
SOLUSDT,1d,8,0.2178,0.5,1.5694,26,3,5,False,False
SOLUSDT,1d,9,0.2118,0.5714,3.3435,7,10,5,True,True
SOLUSDT,1d,10,0.2118,0.5714,3.3435,7,10,5,True,False
SOLUSDT,1d,11,0.1926,0.5,2.7589,8,10,5,False,True
SOLUSDT,1d,12,0.1926,0.5,2.7589,8,10,5,False,False
SOLUSDT,1d,13,0.179,0.5,1.8629,12,7,5,True,True
SOLUSDT,1d,14,0.1729,0.5,1.8243,6,7,30,True,True
SOLUSDT,1d,15,0.1677,0.4286,1.6766,7,7,30,False,True
SOLUSDT,1d,16,0.1667,0.4615,1.7584,13,7,5,True,False
SOLUSDT,1d,17,0.1601,0.5,1.5338,18,5,5,False,False
SOLUSDT,1d,18,0.1493,0.5714,2.6782,7,15,5,True,False
SOLUSDT,1d,19,0.1374,0.5556,1.5167,9,5,20,True,True
SOLUSDT,1d,20,0.11,0.5,1.4689,8,7,20,True,True
SOLUSDT,1d,21,0.1019,0.4444,1.5612,9,15,5,False,False
SOLUSDT,1d,22,0.099,0.5,1.3044,10,5,20,False,True
SOLUSDT,1d,23,0.0945,0.5,1.4028,8,7,20,True,False
SOLUSDT,1d,24,0.0919,0.4286,1.3023,7,5,30,True,True
SOLUSDT,1d,25,0.0867,0.4118,1.2682,17,3,5,True,True
SOLUSDT,1d,26,0.086,0.4286,1.2862,14,5,5,True,True
SOLUSDT,1d,27,0.0835,0.4167,1.1891,12,3,30,False,True
SOLUSDT,1d,28,0.071,0.6,1.4008,5,15,30,True,False
SOLUSDT,1d,29,0.0679,0.4,1.3237,5,10,30,True,True
SOLUSDT,1d,30,0.0679,0.4,1.3237,5,10,30,True,False
SOLUSDT,1d,31,0.0452,0.5,1.7659,4,15,5,True,True
SOLUSDT,1d,32,0.0452,0.5,1.7659,4,15,5,False,True
SOLUSDT,1d,33,0.0317,0.4,1.0943,10,5,15,False,True
SOLUSDT,1d,34,0.0298,0.3333,1.1201,6,10,30,False,True
SOLUSDT,1d,35,0.0298,0.3333,1.1201,6,10,30,False,False
SOLUSDT,1d,36,0.0279,0.4444,1.0909,9,7,20,False,True
SOLUSDT,1d,37,0.0252,0.4091,1.0532,22,3,5,True,False
SOLUSDT,1d,38,0.0124,0.4444,1.0404,9,7,20,False,False
SOLUSDT,1d,39,0.009,0.4,1.0628,5,15,20,False,False
SOLUSDT,1d,40,0.0072,0.5,1.0199,10,7,10,True,False
SOLUSDT,1d,41,0.0023,0.4118,1.0058,17,5,5,True,False
SOLUSDT,1d,42,-0.0078,0.4,0.9592,5,15,30,False,False
SOLUSDT,1d,43,-0.023,0.3333,0.902,6,10,20,True,True
SOLUSDT,1d,44,-0.023,0.3333,0.902,6,10,20,True,False
SOLUSDT,1d,45,-0.0239,0.3333,0.927,9,7,15,False,False
SOLUSDT,1d,46,-0.0247,0.4167,0.9615,12,5,30,False,False
SOLUSDT,1d,47,-0.0256,0.5,0.9366,14,3,10,False,True
SOLUSDT,1d,48,-0.0363,0.5455,0.896,11,7,10,False,False
SOLUSDT,1d,49,-0.0392,0.3333,0.8802,9,7,15,False,True
SOLUSDT,1d,50,-0.0418,0.4615,0.9164,13,3,15,False,True
SOLUSDT,1d,51,-0.0446,0.4615,0.9151,13,3,20,False,True
SOLUSDT,1d,52,-0.0464,0.3636,0.9118,11,3,30,True,True
SOLUSDT,1d,53,-0.05,0.5833,0.8908,12,5,10,False,True
SOLUSDT,1d,54,-0.0569,0.5,0.6788,4,15,30,True,True
SOLUSDT,1d,55,-0.0581,0.5,0.8906,12,3,20,True,True
SOLUSDT,1d,56,-0.0715,0.5385,0.8444,13,3,10,True,True
SOLUSDT,1d,57,-0.0848,0.3333,0.7894,9,7,10,True,True
SOLUSDT,1d,58,-0.0928,0.375,0.7118,8,7,15,True,False
SOLUSDT,1d,59,-0.0955,0.2857,0.6891,7,10,20,False,True
SOLUSDT,1d,60,-0.0955,0.2857,0.6891,7,10,20,False,False
SOLUSDT,1d,61,-0.0979,0.4,0.7499,10,7,10,False,True
SOLUSDT,1d,62,-0.1,0.4211,0.8241,19,3,10,False,False
SOLUSDT,1d,63,-0.1015,0.5,0.5422,4,15,30,False,True
SOLUSDT,1d,64,-0.1051,0.3333,0.6912,6,10,10,True,True
SOLUSDT,1d,65,-0.1051,0.3333,0.6912,6,10,10,True,False
SOLUSDT,1d,66,-0.1068,0.2,0.545,5,15,20,True,False
SOLUSDT,1d,67,-0.1081,0.375,0.6643,8,7,15,True,True
SOLUSDT,1d,68,-0.1137,0.2857,0.6741,7,10,10,False,True
SOLUSDT,1d,69,-0.1137,0.2857,0.6741,7,10,10,False,False
SOLUSDT,1d,70,-0.127,0.2857,0.4942,7,15,15,False,False
SOLUSDT,1d,71,-0.1292,0.4286,0.8125,14,3,30,True,False
SOLUSDT,1d,72,-0.1405,0.4706,0.7731,17,3,10,True,False
SOLUSDT,1d,73,-0.1407,0.4444,0.6338,9,5,15,True,True
SOLUSDT,1d,74,-0.1477,0.5,0.4662,6,15,10,True,False
SOLUSDT,1d,75,-0.1517,0.3333,0.3417,6,15,15,True,False
SOLUSDT,1d,76,-0.153,0.4545,0.7714,11,5,30,True,False
SOLUSDT,1d,77,-0.1584,0.5833,0.6728,12,3,15,True,True
SOLUSDT,1d,78,-0.1658,0.1667,0.4852,6,10,15,True,True
SOLUSDT,1d,79,-0.1658,0.1667,0.4852,6,10,15,True,False
SOLUSDT,1d,80,-0.1707,0.1429,0.478,7,10,15,False,True
SOLUSDT,1d,81,-0.1707,0.1429,0.478,7,10,15,False,False
SOLUSDT,1d,82,-0.1779,0.5,0.656,10,5,10,True,True
SOLUSDT,1d,83,-0.2304,0.0,0.0,4,15,15,True,True
SOLUSDT,1d,84,-0.2304,0.0,0.0,4,15,15,False,True
SOLUSDT,1d,85,-0.2347,0.0,0.0,4,15,20,True,True
SOLUSDT,1d,86,-0.2347,0.0,0.0,4,15,20,False,True
SOLUSDT,1d,87,-0.2484,0.25,0.1022,4,15,10,True,True
SOLUSDT,1d,88,-0.2484,0.25,0.1022,4,15,10,False,True
SOLUSDT,1d,89,-0.2531,0.3333,0.614,12,5,20,True,False
SOLUSDT,1d,90,-0.262,0.4286,0.3681,7,15,10,False,False
SOLUSDT,1d,91,-0.2686,0.4375,0.6545,16,3,20,True,False
SOLUSDT,1d,92,-0.2815,0.3077,0.6007,13,5,20,False,False
SOLUSDT,1d,93,-0.2868,0.4667,0.5872,15,5,10,False,False
SOLUSDT,1d,94,-0.2882,0.3077,0.5608,13,5,15,False,False
SOLUSDT,1d,95,-0.3189,0.375,0.6327,16,3,30,False,False
SOLUSDT,1d,96,-0.3404,0.3333,0.5739,18,3,15,False,False
SOLUSDT,1d,97,-0.3898,0.4375,0.4553,16,3,15,True,False
SOLUSDT,1d,98,-0.3899,0.3846,0.4653,13,5,10,True,False
SOLUSDT,1d,99,-0.3938,0.3889,0.5675,18,3,20,False,False
SOLUSDT,1d,100,-0.4309,0.3333,0.361,12,5,15,True,False
SOLUSDT,4h,1,2.1561,0.623,2.349,122,15,5,False,False
SOLUSDT,4h,2,1.9702,0.6061,2.0098,132,10,5,False,False
SOLUSDT,4h,3,1.7112,0.64,1.7735,150,7,5,False,False
SOLUSDT,4h,4,1.6971,0.6292,2.3457,89,15,5,True,False
SOLUSDT,4h,5,1.6792,0.5946,2.1418,74,15,10,False,False
SOLUSDT,4h,6,1.6732,0.678,2.0143,118,7,5,True,False
SOLUSDT,4h,7,1.6662,0.6721,2.0098,122,5,5,True,False
SOLUSDT,4h,8,1.6588,0.6373,2.1215,102,10,5,True,False
SOLUSDT,4h,9,1.5569,0.5077,1.5916,65,3,30,False,True
SOLUSDT,4h,10,1.4854,0.5904,1.7694,83,10,10,False,False
SOLUSDT,4h,11,1.4829,0.6275,1.6226,153,5,5,False,False
SOLUSDT,4h,12,1.379,0.6422,1.9726,109,3,5,True,True
SOLUSDT,4h,13,1.3445,0.5899,1.4435,178,3,5,False,False
SOLUSDT,4h,14,1.3265,0.5333,1.4947,60,3,30,True,True
SOLUSDT,4h,15,1.3021,0.6069,1.5686,145,3,5,True,False
SOLUSDT,4h,16,1.2345,0.5873,1.8701,63,15,10,True,False
SOLUSDT,4h,17,1.1974,0.6,1.5241,140,3,5,False,True
SOLUSDT,4h,18,1.1533,0.6034,1.6124,58,15,15,False,False
SOLUSDT,4h,19,1.1386,0.6531,1.7058,49,15,15,True,False
SOLUSDT,4h,20,1.1368,0.5464,1.4573,97,7,10,False,False
SOLUSDT,4h,21,1.1317,0.5556,1.6668,72,10,10,True,False
SOLUSDT,4h,22,1.1239,0.6383,1.825,94,5,5,True,True
SOLUSDT,4h,23,1.0908,0.4444,1.321,90,3,30,False,False
SOLUSDT,4h,24,1.0855,0.5465,1.5434,86,7,10,True,False
SOLUSDT,4h,25,1.0505,0.6033,1.5439,121,5,5,False,True
SOLUSDT,4h,26,1.0453,0.4691,1.3237,81,3,30,True,False
SOLUSDT,4h,27,1.0158,0.5606,1.2879,132,3,10,False,False
SOLUSDT,4h,28,1.0094,0.5319,1.5511,47,15,20,False,False
SOLUSDT,4h,29,0.9051,0.5545,1.3208,101,3,10,False,True
SOLUSDT,4h,30,0.9006,0.5747,1.7093,87,15,5,False,True
SOLUSDT,4h,31,0.8138,0.5213,1.3524,94,5,10,True,False
SOLUSDT,4h,32,0.7907,0.52,1.3639,50,5,30,True,True
SOLUSDT,4h,33,0.7567,0.5632,1.5749,87,10,5,False,True
SOLUSDT,4h,34,0.7401,0.5465,1.316,86,3,10,True,True
SOLUSDT,4h,35,0.7151,0.6061,1.7687,66,10,5,True,True
SOLUSDT,4h,36,0.657,0.5902,1.2867,61,10,15,True,False
SOLUSDT,4h,37,0.639,0.493,1.2244,71,7,20,False,False
SOLUSDT,4h,38,0.6048,0.56,1.2246,75,7,15,True,False
SOLUSDT,4h,39,0.6001,0.4828,1.1547,116,3,15,False,False
SOLUSDT,4h,40,0.5987,0.5349,1.3384,43,15,20,True,False
SOLUSDT,4h,41,0.5898,0.5806,1.5673,62,15,5,True,True
SOLUSDT,4h,42,0.5719,0.5143,1.1534,105,3,15,True,False
SOLUSDT,4h,43,0.5657,0.4757,1.1495,103,3,20,False,False
SOLUSDT,4h,44,0.5648,0.4868,1.1851,76,3,20,False,True
SOLUSDT,4h,45,0.5626,0.4769,1.1841,65,5,30,True,False
SOLUSDT,4h,46,0.5617,0.5205,1.2921,73,5,10,True,True
SOLUSDT,4h,47,0.5478,0.6267,1.4715,75,7,5,True,True
SOLUSDT,4h,48,0.5311,0.4386,1.2163,57,10,20,False,False
SOLUSDT,4h,49,0.515,0.5299,1.1537,117,3,10,True,False
SOLUSDT,4h,50,0.5009,0.5366,1.1699,82,5,15,True,False
SOLUSDT,4h,51,0.4767,0.6022,1.3106,93,7,5,False,True
SOLUSDT,4h,52,0.4742,0.514,1.1621,107,5,10,False,False
SOLUSDT,4h,53,0.4647,0.4717,1.2145,53,10,20,True,False
SOLUSDT,4h,54,0.4597,0.5526,1.1561,76,3,15,True,True
SOLUSDT,4h,55,0.4379,0.4941,1.1405,85,3,15,False,True
SOLUSDT,4h,56,0.3961,0.5373,1.1332,67,3,20,True,True
SOLUSDT,4h,57,0.3886,0.4627,1.1418,67,7,20,True,False
SOLUSDT,4h,58,0.3778,0.5068,1.1263,73,5,20,True,False
SOLUSDT,4h,59,0.374,0.5,1.1031,94,3,20,True,False
SOLUSDT,4h,60,0.3712,0.4146,1.1661,41,15,30,False,False
SOLUSDT,4h,61,0.3703,0.5263,1.1561,57,5,20,True,True
SOLUSDT,4h,62,0.3358,0.5094,1.2533,53,15,10,False,True
SOLUSDT,4h,63,0.3176,0.5455,1.2365,55,10,10,False,True
SOLUSDT,4h,64,0.2584,0.4407,1.0814,59,7,30,True,False
SOLUSDT,4h,65,0.2549,0.5,1.1059,84,5,10,False,True
SOLUSDT,4h,66,0.2532,0.4937,1.0785,79,5,20,False,False
SOLUSDT,4h,67,0.1943,0.4103,1.0822,39,15,30,True,False
SOLUSDT,4h,68,0.1734,0.5645,1.0703,62,5,15,True,True
SOLUSDT,4h,69,0.1633,0.4783,1.0579,69,10,15,False,False
SOLUSDT,4h,70,0.1355,0.6471,1.1023,34,15,15,True,True
SOLUSDT,4h,71,0.0855,0.5227,1.0665,44,15,10,True,True
SOLUSDT,4h,72,0.0646,0.5714,1.0428,42,15,15,False,True
SOLUSDT,4h,73,0.0555,0.5435,1.0448,46,10,10,True,True
SOLUSDT,4h,74,0.0517,0.3958,1.0183,48,10,30,True,False
SOLUSDT,4h,75,0.0408,0.463,1.0144,54,5,30,False,True
SOLUSDT,4h,76,0.0379,0.4699,1.0115,83,7,15,False,False
SOLUSDT,4h,77,-0.0485,0.4725,0.9861,91,5,15,False,False
SOLUSDT,4h,78,-0.0912,0.5294,0.9379,34,15,20,False,True
SOLUSDT,4h,79,-0.0915,0.4203,0.9742,69,5,30,False,False
SOLUSDT,4h,80,-0.0934,0.5,0.9397,54,7,10,True,True
SOLUSDT,4h,81,-0.0972,0.4032,0.9729,62,7,30,False,False
SOLUSDT,4h,82,-0.1257,0.3725,0.9579,51,10,30,False,False
SOLUSDT,4h,83,-0.1262,0.5082,0.9332,61,7,10,False,True
SOLUSDT,4h,84,-0.1384,0.5897,0.913,39,10,15,True,True
SOLUSDT,4h,85,-0.2365,0.4677,0.916,62,5,20,False,True
SOLUSDT,4h,86,-0.2823,0.5278,0.795,36,10,20,True,True
SOLUSDT,4h,87,-0.2947,0.5263,0.8445,38,7,30,True,True
SOLUSDT,4h,88,-0.3273,0.5,0.8071,44,7,20,True,True
SOLUSDT,4h,89,-0.3321,0.4872,0.7932,39,10,20,False,True
SOLUSDT,4h,90,-0.4502,0.4839,0.6996,31,15,20,True,True
SOLUSDT,4h,91,-0.5361,0.5208,0.748,48,7,15,True,True
SOLUSDT,4h,92,-0.5732,0.5,0.7193,46,10,15,False,True
SOLUSDT,4h,93,-0.5807,0.4571,0.8127,70,5,15,False,True
SOLUSDT,4h,94,-0.6456,0.4,0.6656,30,15,30,False,True
SOLUSDT,4h,95,-0.6856,0.3939,0.6445,33,10,30,True,True
SOLUSDT,4h,96,-0.7677,0.4651,0.7065,43,7,30,False,True
SOLUSDT,4h,97,-0.7794,0.3889,0.6436,36,10,30,False,True
SOLUSDT,4h,98,-0.8235,0.3929,0.5844,28,15,30,True,True
SOLUSDT,4h,99,-0.8527,0.4898,0.6412,49,7,20,False,True
SOLUSDT,4h,100,-1.1521,0.4643,0.5874,56,7,15,False,True
SOLUSDT,1h,1,8.4253,0.6303,2.0798,541,15,5,False,False
SOLUSDT,1h,2,7.6427,0.6166,1.7664,592,7,5,False,False
SOLUSDT,1h,3,7.6389,0.6159,1.8552,552,10,5,False,False
SOLUSDT,1h,4,7.4504,0.6302,2.1751,457,15,5,False,True
SOLUSDT,1h,5,7.4331,0.5748,1.5791,722,3,5,False,False
SOLUSDT,1h,6,7.2406,0.6035,1.6723,628,5,5,False,False
SOLUSDT,1h,7,6.6581,0.6222,1.9835,442,10,5,False,True
SOLUSDT,1h,8,6.4222,0.5823,1.5971,620,3,5,True,False
SOLUSDT,1h,9,6.2907,0.6145,1.85,454,7,5,False,True
SOLUSDT,1h,10,6.2197,0.6223,1.9138,323,15,10,False,False
SOLUSDT,1h,11,5.9602,0.6269,2.1663,268,15,10,False,True
SOLUSDT,1h,12,5.7789,0.5631,1.593,547,3,5,False,True
SOLUSDT,1h,13,5.5486,0.5966,1.7273,471,5,5,False,True
SOLUSDT,1h,14,5.5042,0.5981,1.6231,525,5,5,True,False
SOLUSDT,1h,15,5.3479,0.6069,1.7912,435,10,5,True,False
SOLUSDT,1h,16,5.3403,0.5988,1.6796,481,7,5,True,False
SOLUSDT,1h,17,5.2692,0.6257,2.1368,342,10,5,True,True
SOLUSDT,1h,18,5.1544,0.6131,1.8318,411,15,5,True,False
SOLUSDT,1h,19,5.1339,0.6214,1.847,280,15,10,True,False
SOLUSDT,1h,20,4.982,0.5708,1.6158,466,3,5,True,True
SOLUSDT,1h,21,4.9685,0.6311,1.9714,206,15,15,False,True
SOLUSDT,1h,22,4.9373,0.6379,2.1176,232,15,10,True,True
SOLUSDT,1h,23,4.8755,0.604,1.7043,250,15,15,False,False
SOLUSDT,1h,24,4.756,0.6306,2.0465,157,15,20,True,True
SOLUSDT,1h,25,4.6593,0.6093,1.961,343,15,5,True,True
SOLUSDT,1h,26,4.6465,0.5909,1.907,176,15,20,False,True
SOLUSDT,1h,27,4.5732,0.6027,1.8225,365,7,5,True,True
SOLUSDT,1h,28,4.3385,0.5216,1.2966,462,3,15,False,False
SOLUSDT,1h,29,4.2401,0.5759,1.467,349,10,10,False,False
SOLUSDT,1h,30,4.1743,0.5912,1.6459,274,10,10,False,True
SOLUSDT,1h,31,4.1385,0.5872,1.67,390,5,5,True,True
SOLUSDT,1h,32,4.1041,0.5556,1.5592,216,15,20,False,False
SOLUSDT,1h,33,3.935,0.6125,1.7008,240,10,10,True,True
SOLUSDT,1h,34,3.8742,0.5795,1.5575,195,15,20,True,False
SOLUSDT,1h,35,3.7321,0.5339,1.2747,502,3,10,True,False
SOLUSDT,1h,36,3.6516,0.533,1.2449,546,3,10,False,False
SOLUSDT,1h,37,3.6448,0.5548,1.3999,283,10,15,False,False
SOLUSDT,1h,38,3.5921,0.5766,1.5298,222,10,15,False,True
SOLUSDT,1h,39,3.5434,0.5871,1.4321,310,10,10,True,False
SOLUSDT,1h,40,3.3215,0.555,1.2987,391,7,10,False,False
SOLUSDT,1h,41,3.3171,0.6021,1.5695,191,15,15,True,True
SOLUSDT,1h,42,3.276,0.539,1.5507,141,15,30,False,True
SOLUSDT,1h,43,3.2184,0.5282,1.2559,373,5,15,False,False
SOLUSDT,1h,44,3.2033,0.5814,1.4833,172,10,20,True,True
SOLUSDT,1h,45,3.1681,0.5442,1.271,351,3,15,False,True
SOLUSDT,1h,46,3.1114,0.575,1.4849,200,10,15,True,True
SOLUSDT,1h,47,3.0661,0.5794,1.3993,233,15,15,True,False
SOLUSDT,1h,48,3.0214,0.5294,1.2418,442,5,10,False,False
SOLUSDT,1h,49,3.0199,0.478,1.203,410,3,20,False,False
SOLUSDT,1h,50,2.9263,0.525,1.2566,400,5,10,True,False
SOLUSDT,1h,51,2.8411,0.5094,1.1979,426,3,15,True,False
SOLUSDT,1h,52,2.8355,0.5289,1.2476,329,7,15,False,False
SOLUSDT,1h,53,2.8322,0.5445,1.3882,191,10,20,False,True
SOLUSDT,1h,54,2.7683,0.5552,1.3396,299,7,10,False,True
SOLUSDT,1h,55,2.7455,0.5508,1.324,256,7,15,False,True
SOLUSDT,1h,56,2.6877,0.5426,1.305,258,10,15,True,False
SOLUSDT,1h,57,2.6308,0.5249,1.2167,341,5,15,True,False
SOLUSDT,1h,58,2.6197,0.5421,1.2538,356,7,10,True,False
SOLUSDT,1h,59,2.6029,0.5,1.3431,160,10,30,False,True
SOLUSDT,1h,60,2.5671,0.4857,1.1757,385,3,20,True,False
SOLUSDT,1h,61,2.5385,0.5104,1.2189,288,7,20,False,False
SOLUSDT,1h,62,2.4763,0.5061,1.2514,247,10,20,False,False
SOLUSDT,1h,63,2.4622,0.5282,1.2276,301,7,15,True,False
SOLUSDT,1h,64,2.4252,0.5469,1.424,128,15,30,True,True
SOLUSDT,1h,65,2.4068,0.5242,1.2586,227,10,20,True,False
SOLUSDT,1h,66,2.3718,0.5422,1.1974,415,3,10,False,True
SOLUSDT,1h,67,2.3602,0.494,1.1793,332,5,20,False,False
SOLUSDT,1h,68,2.3445,0.5032,1.1861,310,5,20,True,False
SOLUSDT,1h,69,2.2693,0.5278,1.3055,144,10,30,True,True
SOLUSDT,1h,70,2.2379,0.536,1.252,222,7,20,False,True
SOLUSDT,1h,71,2.2258,0.5029,1.2554,175,15,30,False,False
SOLUSDT,1h,72,2.1832,0.5481,1.2858,270,7,10,True,True
SOLUSDT,1h,73,2.0941,0.5364,1.225,330,5,10,False,True
SOLUSDT,1h,74,2.0872,0.5411,1.2586,231,7,15,True,True
SOLUSDT,1h,75,2.0165,0.5111,1.1785,270,7,20,True,False
SOLUSDT,1h,76,2.0132,0.5266,1.1834,376,3,10,True,True
SOLUSDT,1h,77,1.9943,0.5298,1.2017,285,5,15,False,True
SOLUSDT,1h,78,1.9143,0.5033,1.16,306,3,20,False,True
SOLUSDT,1h,79,1.8733,0.5375,1.1641,320,3,15,True,True
SOLUSDT,1h,80,1.7157,0.5031,1.2072,161,15,30,True,False
SOLUSDT,1h,81,1.6099,0.5463,1.1888,205,7,20,True,True
SOLUSDT,1h,82,1.559,0.4398,1.1011,357,3,30,False,False
SOLUSDT,1h,83,1.4662,0.5212,1.1507,259,5,15,True,True
SOLUSDT,1h,84,1.4591,0.4358,1.0966,335,3,30,True,False
SOLUSDT,1h,85,1.4573,0.4731,1.1116,260,5,30,True,False
SOLUSDT,1h,86,1.4391,0.4729,1.1159,258,3,30,False,True
SOLUSDT,1h,87,1.4043,0.4833,1.1319,209,5,30,False,True
SOLUSDT,1h,88,1.4006,0.4835,1.1123,242,3,30,True,True
SOLUSDT,1h,89,1.3012,0.5167,1.143,300,5,10,True,True
SOLUSDT,1h,90,1.2643,0.51,1.1208,251,5,20,False,True
SOLUSDT,1h,91,1.0976,0.4974,1.1027,193,5,30,True,True
SOLUSDT,1h,92,0.9663,0.5108,1.1001,186,7,30,False,True
SOLUSDT,1h,93,0.8779,0.4433,1.0628,282,5,30,False,False
SOLUSDT,1h,94,0.8742,0.4983,1.0726,287,3,20,True,True
SOLUSDT,1h,95,0.7082,0.4856,1.0561,243,7,30,False,False
SOLUSDT,1h,96,0.6817,0.5085,1.0664,234,5,20,True,True
SOLUSDT,1h,97,0.4145,0.4683,1.0366,205,10,30,False,False
SOLUSDT,1h,98,0.2789,0.5,1.0224,226,7,30,True,False
SOLUSDT,1h,99,0.21,0.5116,1.0213,172,7,30,True,True
SOLUSDT,1h,100,0.1898,0.4921,1.0173,189,10,30,True,False
